2026-01-21 10:38:52.214 INFO  [main] com.alibaba.nacos.client.utils.ParamUtil - [settings] [req-serv] nacos-server port:8848
2026-01-21 10:38:52.217 INFO  [Thread-2] c.a.n.client.auth.ram.identify.CredentialWatcher - null No credential found
2026-01-21 10:38:52.217 INFO  [main] com.alibaba.nacos.client.utils.ParamUtil - [settings] [http-client] connect timeout:1000
2026-01-21 10:38:52.218 INFO  [main] com.alibaba.nacos.client.utils.ParamUtil - PER_TASK_CONFIG_SIZE: 3000.0
2026-01-21 10:38:52.237 INFO  [main] com.alibaba.nacos.common.labels - DefaultLabelsCollectorManager get labels.....
2026-01-21 10:38:52.237 INFO  [main] com.alibaba.nacos.common.labels - Process LabelsCollector with [name:defaultNacosLabelsCollector]
2026-01-21 10:38:52.237 INFO  [main] com.alibaba.nacos.common.labels - default nacos collect properties raw labels: null
2026-01-21 10:38:52.238 INFO  [main] com.alibaba.nacos.common.labels - default nacos collect properties labels: {}
2026-01-21 10:38:52.238 INFO  [main] com.alibaba.nacos.common.labels - default nacos collect jvm raw labels: null
2026-01-21 10:38:52.238 INFO  [main] com.alibaba.nacos.common.labels - default nacos collect jvm labels: {}
2026-01-21 10:38:52.238 INFO  [main] com.alibaba.nacos.common.labels - default nacos collect env raw labels: null
2026-01-21 10:38:52.238 INFO  [main] com.alibaba.nacos.common.labels - default nacos collect env labels: {}
2026-01-21 10:38:52.238 INFO  [main] com.alibaba.nacos.common.labels - DefaultLabelsCollectorManager get labels finished,labels :{}
2026-01-21 10:38:52.243 INFO  [main] c.a.n.p.auth.spi.client.ClientAuthPluginManager - [ClientAuthPluginManager] Load ClientAuthService com.alibaba.nacos.client.auth.impl.NacosClientAuthServiceImpl success.
2026-01-21 10:38:52.243 INFO  [main] c.a.n.p.auth.spi.client.ClientAuthPluginManager - [ClientAuthPluginManager] Load ClientAuthService com.alibaba.nacos.client.auth.ram.RamClientAuthServiceImpl success.
2026-01-21 10:38:52.248 INFO  [main] c.a.n.client.config.impl.LocalConfigInfoProcessor - LOCAL_SNAPSHOT_PATH:C:\Users\ForeverEmpty\nacos\config
2026-01-21 10:38:52.250 INFO  [main] com.alibaba.nacos.common.remote.client - [RpcClientFactory] create a new rpc client of 3d938444-37dc-42c3-b12c-ac62ab44e461_config-0
2026-01-21 10:38:52.265 INFO  [main] com.alibaba.nacos.common.remote.client - [3d938444-37dc-42c3-b12c-ac62ab44e461_config-0] Register server push request handler:com.alibaba.nacos.client.config.impl.ClientWorker$ConfigRpcTransportClient$$Lambda/0x00000244123a8220
2026-01-21 10:38:52.266 INFO  [main] com.alibaba.nacos.common.remote.client - [3d938444-37dc-42c3-b12c-ac62ab44e461_config-0] Register server push request handler:com.alibaba.nacos.client.config.impl.ClientWorker$ConfigRpcTransportClient$$Lambda/0x00000244123a8438
2026-01-21 10:38:52.266 INFO  [main] com.alibaba.nacos.common.remote.client - [3d938444-37dc-42c3-b12c-ac62ab44e461_config-0] Registry connection listener to current client:com.alibaba.nacos.client.config.impl.ClientWorker$ConfigRpcTransportClient$1
2026-01-21 10:38:52.266 INFO  [main] com.alibaba.nacos.common.remote.client - [3d938444-37dc-42c3-b12c-ac62ab44e461_config-0] RpcClient init, ServerListFactory = com.alibaba.nacos.client.config.impl.ClientWorker$ConfigRpcTransportClient$2
2026-01-21 10:38:52.272 INFO  [main] com.alibaba.nacos.common.remote.client - [3d938444-37dc-42c3-b12c-ac62ab44e461_config-0] Try to connect to server on start up, server: {serverIp = '127.0.0.1', server main port = 8848}
2026-01-21 10:38:52.312 INFO  [main] c.a.nacos.common.remote.client.grpc.GrpcClient - grpc client connection server:127.0.0.1 ip,serverPort:9848,grpcTslConfig:{"sslProvider":"","enableTls":false,"mutualAuthEnable":false,"trustAll":false}
2026-01-21 10:38:52.927 INFO  [main] c.a.n.common.ability.AbstractAbilityControlManager - Ready to get current node abilities...
2026-01-21 10:38:52.929 INFO  [main] c.a.n.common.ability.AbstractAbilityControlManager - Ready to initialize current node abilities, support modes: [SDK_CLIENT]
2026-01-21 10:38:52.930 INFO  [main] c.a.n.common.ability.AbstractAbilityControlManager - Initialize current abilities finish...
2026-01-21 10:38:52.931 INFO  [main] c.a.n.c.ability.discover.NacosAbilityManagerHolder - [AbilityControlManager] Successfully initialize AbilityControlManager
2026-01-21 10:38:53.038 INFO  [main] com.alibaba.nacos.common.remote.client - [3d938444-37dc-42c3-b12c-ac62ab44e461_config-0] Success to connect to server [127.0.0.1:8848] on start up, connectionId = 1768963132854_172.19.0.1_35256
2026-01-21 10:38:53.040 INFO  [main] com.alibaba.nacos.common.remote.client - [3d938444-37dc-42c3-b12c-ac62ab44e461_config-0] Register server push request handler:com.alibaba.nacos.common.remote.client.RpcClient$ConnectResetRequestHandler
2026-01-21 10:38:53.041 INFO  [main] com.alibaba.nacos.common.remote.client - [3d938444-37dc-42c3-b12c-ac62ab44e461_config-0] Register server push request handler:com.alibaba.nacos.common.remote.client.RpcClient$$Lambda/0x00000244124f1420
2026-01-21 10:38:53.042 INFO  [com.alibaba.nacos.client.remote.worker.0] com.alibaba.nacos.common.remote.client - [3d938444-37dc-42c3-b12c-ac62ab44e461_config-0] Notify connected event to listeners.
2026-01-21 10:38:53.043 INFO  [com.alibaba.nacos.client.remote.worker.0] com.alibaba.nacos.client.config.impl.ClientWorker - [3d938444-37dc-42c3-b12c-ac62ab44e461_config-0] Connected,notify listen context...
2026-01-21 10:38:53.110 INFO  [main] com.alibaba.nacos.client.config.impl.Limiter - limitTime:5.0
2026-01-21 10:38:53.184 WARN  [main] c.a.cloud.nacos.client.NacosPropertySourceBuilder - Ignore the empty nacos configuration and get it based on dataId[Coo-file] & group[DEFAULT_GROUP]
2026-01-21 10:38:53.222 INFO  [main] com.alibaba.nacos.client.config.utils.JvmUtil - isMultiInstance:false
2026-01-21 10:38:53.229 INFO  [main] o.s.c.b.c.PropertySourceBootstrapConfiguration - Located property source: [BootstrapPropertySource {name='bootstrapProperties-Coo-file.yaml,DEFAULT_GROUP'}, BootstrapPropertySource {name='bootstrapProperties-Coo-file,DEFAULT_GROUP'}]
2026-01-21 10:38:53.237 INFO  [main] org.foreverempty.coofile.CooFileApplication - No active profile set, falling back to 1 default profile: "default"
2026-01-21 10:38:53.308 INFO  [main] com.alibaba.nacos.client.utils.ParamUtil - [settings] [req-serv] nacos-server port:8848
2026-01-21 10:38:53.310 INFO  [main] com.alibaba.nacos.client.utils.ParamUtil - [settings] [http-client] connect timeout:1000
2026-01-21 10:38:53.311 INFO  [main] com.alibaba.nacos.client.utils.ParamUtil - PER_TASK_CONFIG_SIZE: 3000.0
2026-01-21 10:38:53.312 INFO  [Thread-2] c.a.n.client.auth.ram.identify.CredentialWatcher - null No credential found
2026-01-21 10:38:53.333 INFO  [main] com.alibaba.nacos.common.labels - DefaultLabelsCollectorManager get labels.....
2026-01-21 10:38:53.334 INFO  [main] com.alibaba.nacos.common.labels - Process LabelsCollector with [name:defaultNacosLabelsCollector]
2026-01-21 10:38:53.334 INFO  [main] com.alibaba.nacos.common.labels - default nacos collect properties raw labels: null
2026-01-21 10:38:53.335 INFO  [main] com.alibaba.nacos.common.labels - default nacos collect properties labels: {}
2026-01-21 10:38:53.335 INFO  [main] com.alibaba.nacos.common.labels - default nacos collect jvm raw labels: null
2026-01-21 10:38:53.335 INFO  [main] com.alibaba.nacos.common.labels - default nacos collect jvm labels: {}
2026-01-21 10:38:53.335 INFO  [main] com.alibaba.nacos.common.labels - default nacos collect env raw labels: null
2026-01-21 10:38:53.335 INFO  [main] com.alibaba.nacos.common.labels - default nacos collect env labels: {}
2026-01-21 10:38:53.335 INFO  [main] com.alibaba.nacos.common.labels - DefaultLabelsCollectorManager get labels finished,labels :{}
2026-01-21 10:38:53.342 INFO  [main] c.a.n.p.auth.spi.client.ClientAuthPluginManager - [ClientAuthPluginManager] Load ClientAuthService com.alibaba.nacos.client.auth.impl.NacosClientAuthServiceImpl success.
2026-01-21 10:38:53.343 INFO  [main] c.a.n.p.auth.spi.client.ClientAuthPluginManager - [ClientAuthPluginManager] Load ClientAuthService com.alibaba.nacos.client.auth.ram.RamClientAuthServiceImpl success.
2026-01-21 10:38:53.349 INFO  [main] c.a.n.client.config.impl.LocalConfigInfoProcessor - LOCAL_SNAPSHOT_PATH:C:\Users\ForeverEmpty\nacos\config
2026-01-21 10:38:53.353 INFO  [main] com.alibaba.nacos.common.remote.client - [RpcClientFactory] create a new rpc client of 4510bf80-d0a5-4b87-920b-cc06334bcf6b_config-0
2026-01-21 10:38:53.377 INFO  [main] com.alibaba.nacos.common.remote.client - [4510bf80-d0a5-4b87-920b-cc06334bcf6b_config-0] Register server push request handler:com.alibaba.nacos.client.config.impl.ClientWorker$ConfigRpcTransportClient$$Lambda/0x0000024d813aa540
2026-01-21 10:38:53.378 INFO  [main] com.alibaba.nacos.common.remote.client - [4510bf80-d0a5-4b87-920b-cc06334bcf6b_config-0] Register server push request handler:com.alibaba.nacos.client.config.impl.ClientWorker$ConfigRpcTransportClient$$Lambda/0x0000024d813aa950
2026-01-21 10:38:53.378 INFO  [main] com.alibaba.nacos.common.remote.client - [4510bf80-d0a5-4b87-920b-cc06334bcf6b_config-0] Registry connection listener to current client:com.alibaba.nacos.client.config.impl.ClientWorker$ConfigRpcTransportClient$1
2026-01-21 10:38:53.378 INFO  [main] com.alibaba.nacos.common.remote.client - [4510bf80-d0a5-4b87-920b-cc06334bcf6b_config-0] RpcClient init, ServerListFactory = com.alibaba.nacos.client.config.impl.ClientWorker$ConfigRpcTransportClient$2
2026-01-21 10:38:53.385 INFO  [main] com.alibaba.nacos.common.remote.client - [4510bf80-d0a5-4b87-920b-cc06334bcf6b_config-0] Try to connect to server on start up, server: {serverIp = '127.0.0.1', server main port = 8848}
2026-01-21 10:38:53.429 INFO  [main] c.a.nacos.common.remote.client.grpc.GrpcClient - grpc client connection server:127.0.0.1 ip,serverPort:9848,grpcTslConfig:{"sslProvider":"","enableTls":false,"mutualAuthEnable":false,"trustAll":false}
2026-01-21 10:38:53.912 INFO  [main] o.springframework.cloud.context.scope.GenericScope - BeanFactory id=02526e6a-6e6e-3f45-bf05-85fb5eed1e98
2026-01-21 10:38:54.033 INFO  [main] c.a.n.common.ability.AbstractAbilityControlManager - Ready to get current node abilities...
2026-01-21 10:38:54.035 INFO  [main] c.a.n.common.ability.AbstractAbilityControlManager - Ready to initialize current node abilities, support modes: [SDK_CLIENT]
2026-01-21 10:38:54.035 INFO  [main] c.a.n.common.ability.AbstractAbilityControlManager - Initialize current abilities finish...
2026-01-21 10:38:54.035 INFO  [main] c.a.n.c.ability.discover.NacosAbilityManagerHolder - [AbilityControlManager] Successfully initialize AbilityControlManager
2026-01-21 10:38:54.117 INFO  [main] o.s.boot.web.embedded.tomcat.TomcatWebServer - Tomcat initialized with port 8082 (http)
2026-01-21 10:38:54.128 INFO  [main] org.apache.coyote.http11.Http11NioProtocol - Initializing ProtocolHandler ["http-nio-8082"]
2026-01-21 10:38:54.129 INFO  [main] org.apache.catalina.core.StandardService - Starting service [Tomcat]
2026-01-21 10:38:54.129 INFO  [main] org.apache.catalina.core.StandardEngine - Starting Servlet engine: [Apache Tomcat/10.1.50]
2026-01-21 10:38:54.154 INFO  [main] com.alibaba.nacos.common.remote.client - [4510bf80-d0a5-4b87-920b-cc06334bcf6b_config-0] Success to connect to server [127.0.0.1:8848] on start up, connectionId = 1768963133961_172.19.0.1_35262
2026-01-21 10:38:54.154 INFO  [com.alibaba.nacos.client.remote.worker.1] com.alibaba.nacos.common.remote.client - [4510bf80-d0a5-4b87-920b-cc06334bcf6b_config-0] Notify connected event to listeners.
2026-01-21 10:38:54.155 INFO  [com.alibaba.nacos.client.remote.worker.1] com.alibaba.nacos.client.config.impl.ClientWorker - [4510bf80-d0a5-4b87-920b-cc06334bcf6b_config-0] Connected,notify listen context...
2026-01-21 10:38:54.155 INFO  [main] com.alibaba.nacos.common.remote.client - [4510bf80-d0a5-4b87-920b-cc06334bcf6b_config-0] Register server push request handler:com.alibaba.nacos.common.remote.client.RpcClient$ConnectResetRequestHandler
2026-01-21 10:38:54.155 INFO  [main] com.alibaba.nacos.common.remote.client - [4510bf80-d0a5-4b87-920b-cc06334bcf6b_config-0] Register server push request handler:com.alibaba.nacos.common.remote.client.RpcClient$$Lambda/0x0000024d814fd088
2026-01-21 10:38:54.174 INFO  [main] o.a.c.core.ContainerBase.[Tomcat].[localhost].[/] - Initializing Spring embedded WebApplicationContext
2026-01-21 10:38:54.174 INFO  [main] o.s.b.w.s.c.ServletWebServerApplicationContext - Root WebApplicationContext: initialization completed in 920 ms
2026-01-21 10:38:54.188 INFO  [main] com.alibaba.nacos.client.config.impl.Limiter - limitTime:5.0
2026-01-21 10:38:54.207 WARN  [main] c.a.cloud.nacos.client.NacosPropertySourceBuilder - Ignore the empty nacos configuration and get it based on dataId[Coo-auth] & group[DEFAULT_GROUP]
2026-01-21 10:38:54.220 INFO  [main] com.alibaba.nacos.client.config.utils.JvmUtil - isMultiInstance:false
2026-01-21 10:38:54.227 INFO  [main] o.s.c.b.c.PropertySourceBootstrapConfiguration - Located property source: [BootstrapPropertySource {name='bootstrapProperties-Coo-auth.yaml,DEFAULT_GROUP'}, BootstrapPropertySource {name='bootstrapProperties-Coo-auth,DEFAULT_GROUP'}]
2026-01-21 10:38:54.233 INFO  [main] org.foreverempty.cooauth.CooAuthApplication - No active profile set, falling back to 1 default profile: "default"
2026-01-21 10:38:54.891 INFO  [main] org.apache.coyote.http11.Http11NioProtocol - Starting ProtocolHandler ["http-nio-8082"]
2026-01-21 10:38:54.900 INFO  [main] o.s.boot.web.embedded.tomcat.TomcatWebServer - Tomcat started on port 8082 (http) with context path '/'
2026-01-21 10:38:54.905 INFO  [main] com.alibaba.nacos.client.naming - initializer namespace from ans.namespace attribute : null
2026-01-21 10:38:54.906 INFO  [main] com.alibaba.nacos.client.naming - initializer namespace from ALIBABA_ALIWARE_NAMESPACE attribute :null
2026-01-21 10:38:54.906 INFO  [main] com.alibaba.nacos.client.naming - initializer namespace from namespace attribute :null
2026-01-21 10:38:54.917 INFO  [main] com.alibaba.nacos.client.naming - FailoverDataSource type is class com.alibaba.nacos.client.naming.backups.datasource.DiskFailoverDataSource
2026-01-21 10:38:54.921 INFO  [main] c.a.n.p.auth.spi.client.ClientAuthPluginManager - [ClientAuthPluginManager] Load ClientAuthService com.alibaba.nacos.client.auth.impl.NacosClientAuthServiceImpl success.
2026-01-21 10:38:54.921 INFO  [main] c.a.n.p.auth.spi.client.ClientAuthPluginManager - [ClientAuthPluginManager] Load ClientAuthService com.alibaba.nacos.client.auth.ram.RamClientAuthServiceImpl success.
2026-01-21 10:38:54.925 INFO  [main] com.alibaba.nacos.common.remote.client - [RpcClientFactory] create a new rpc client of 9a5f5a68-a16c-4cb2-9b3c-86a17b559cd5
2026-01-21 10:38:54.927 INFO  [main] com.alibaba.nacos.client.naming - Create naming rpc client for uuid->9a5f5a68-a16c-4cb2-9b3c-86a17b559cd5
2026-01-21 10:38:54.928 INFO  [main] com.alibaba.nacos.common.remote.client - [9a5f5a68-a16c-4cb2-9b3c-86a17b559cd5] RpcClient init, ServerListFactory = com.alibaba.nacos.client.naming.core.ServerListManager
2026-01-21 10:38:54.928 INFO  [main] com.alibaba.nacos.common.remote.client - [9a5f5a68-a16c-4cb2-9b3c-86a17b559cd5] Registry connection listener to current client:com.alibaba.nacos.client.naming.remote.gprc.redo.NamingGrpcRedoService
2026-01-21 10:38:54.928 INFO  [main] com.alibaba.nacos.common.remote.client - [9a5f5a68-a16c-4cb2-9b3c-86a17b559cd5] Register server push request handler:com.alibaba.nacos.client.naming.remote.gprc.NamingPushRequestHandler
2026-01-21 10:38:54.929 INFO  [main] com.alibaba.nacos.common.remote.client - [9a5f5a68-a16c-4cb2-9b3c-86a17b559cd5] Try to connect to server on start up, server: {serverIp = '127.0.0.1', server main port = 8848}
2026-01-21 10:38:54.929 INFO  [main] c.a.nacos.common.remote.client.grpc.GrpcClient - grpc client connection server:127.0.0.1 ip,serverPort:9848,grpcTslConfig:{"sslProvider":"","enableTls":false,"mutualAuthEnable":false,"trustAll":false}
2026-01-21 10:38:54.948 INFO  [main] o.springframework.cloud.context.scope.GenericScope - BeanFactory id=83629fd3-dd79-3440-bc1f-1c5e3c076c06
2026-01-21 10:38:55.059 INFO  [main] com.alibaba.nacos.common.remote.client - [9a5f5a68-a16c-4cb2-9b3c-86a17b559cd5] Success to connect to server [127.0.0.1:8848] on start up, connectionId = 1768963134918_172.19.0.1_35268
2026-01-21 10:38:55.059 INFO  [main] com.alibaba.nacos.common.remote.client - [9a5f5a68-a16c-4cb2-9b3c-86a17b559cd5] Register server push request handler:com.alibaba.nacos.common.remote.client.RpcClient$ConnectResetRequestHandler
2026-01-21 10:38:55.059 INFO  [com.alibaba.nacos.client.remote.worker.1] com.alibaba.nacos.common.remote.client - [9a5f5a68-a16c-4cb2-9b3c-86a17b559cd5] Notify connected event to listeners.
2026-01-21 10:38:55.060 INFO  [com.alibaba.nacos.client.remote.worker.1] com.alibaba.nacos.client.naming - Grpc connection connect
2026-01-21 10:38:55.060 INFO  [main] com.alibaba.nacos.common.remote.client - [9a5f5a68-a16c-4cb2-9b3c-86a17b559cd5] Register server push request handler:com.alibaba.nacos.common.remote.client.RpcClient$$Lambda/0x00000244124f1420
2026-01-21 10:38:55.061 INFO  [main] com.alibaba.nacos.client.naming - [REGISTER-SERVICE] public registering service Coo-file with instance Instance{instanceId='null', ip='172.25.112.1', port=8082, weight=1.0, healthy=true, enabled=true, ephemeral=true, clusterName='', serviceName='null', metadata={IPv6=null, preserved.register.source=SPRING_CLOUD}}
2026-01-21 10:38:55.095 INFO  [main] c.a.cloud.nacos.registry.NacosServiceRegistry - nacos registry, DEFAULT_GROUP Coo-file 172.25.112.1:8082 register finished
2026-01-21 10:38:55.107 INFO  [main] org.foreverempty.coofile.CooFileApplication - Started CooFileApplication in 3.839 seconds (process running for 4.561)
2026-01-21 10:38:55.111 INFO  [main] com.alibaba.nacos.client.config.impl.CacheData - config listener notify warn timeout millis use default 60000 millis 
2026-01-21 10:38:55.111 INFO  [main] com.alibaba.nacos.client.config.impl.CacheData - nacos.cache.data.init.snapshot = true 
2026-01-21 10:38:55.111 INFO  [main] com.alibaba.nacos.client.config.impl.ClientWorker - [fixed-127.0.0.1_8848] [subscribe] Coo-file+DEFAULT_GROUP
2026-01-21 10:38:55.120 INFO  [main] com.alibaba.nacos.client.config.impl.CacheData - [fixed-127.0.0.1_8848] [add-listener] ok, tenant=, dataId=Coo-file, group=DEFAULT_GROUP, cnt=1
2026-01-21 10:38:55.121 INFO  [main] c.a.cloud.nacos.refresh.NacosContextRefresher - [Nacos Config] Listening config: dataId=Coo-file, group=DEFAULT_GROUP
2026-01-21 10:38:55.122 INFO  [main] com.alibaba.nacos.client.config.impl.ClientWorker - [fixed-127.0.0.1_8848] [subscribe] Coo-file.yaml+DEFAULT_GROUP
2026-01-21 10:38:55.122 INFO  [main] com.alibaba.nacos.client.config.impl.CacheData - [fixed-127.0.0.1_8848] [add-listener] ok, tenant=, dataId=Coo-file.yaml, group=DEFAULT_GROUP, cnt=1
2026-01-21 10:38:55.122 INFO  [main] c.a.cloud.nacos.refresh.NacosContextRefresher - [Nacos Config] Listening config: dataId=Coo-file.yaml, group=DEFAULT_GROUP
2026-01-21 10:38:55.227 INFO  [main] o.s.boot.web.embedded.tomcat.TomcatWebServer - Tomcat initialized with port 8081 (http)
2026-01-21 10:38:55.237 INFO  [main] org.apache.coyote.http11.Http11NioProtocol - Initializing ProtocolHandler ["http-nio-8081"]
2026-01-21 10:38:55.238 INFO  [main] org.apache.catalina.core.StandardService - Starting service [Tomcat]
2026-01-21 10:38:55.238 INFO  [main] org.apache.catalina.core.StandardEngine - Starting Servlet engine: [Apache Tomcat/10.1.50]
2026-01-21 10:38:55.276 INFO  [main] o.a.c.core.ContainerBase.[Tomcat].[localhost].[/] - Initializing Spring embedded WebApplicationContext
2026-01-21 10:38:55.276 INFO  [main] o.s.b.w.s.c.ServletWebServerApplicationContext - Root WebApplicationContext: initialization completed in 1024 ms
2026-01-21 10:38:55.850 INFO  [main] org.apache.coyote.http11.Http11NioProtocol - Starting ProtocolHandler ["http-nio-8081"]
2026-01-21 10:38:55.854 INFO  [main] o.s.boot.web.embedded.tomcat.TomcatWebServer - Tomcat started on port 8081 (http) with context path '/'
2026-01-21 10:38:55.860 INFO  [main] com.alibaba.nacos.client.naming - initializer namespace from ans.namespace attribute : null
2026-01-21 10:38:55.861 INFO  [main] com.alibaba.nacos.client.naming - initializer namespace from ALIBABA_ALIWARE_NAMESPACE attribute :null
2026-01-21 10:38:55.861 INFO  [main] com.alibaba.nacos.client.naming - initializer namespace from namespace attribute :null
2026-01-21 10:38:55.870 INFO  [main] com.alibaba.nacos.client.naming - FailoverDataSource type is class com.alibaba.nacos.client.naming.backups.datasource.DiskFailoverDataSource
2026-01-21 10:38:55.873 INFO  [main] c.a.n.p.auth.spi.client.ClientAuthPluginManager - [ClientAuthPluginManager] Load ClientAuthService com.alibaba.nacos.client.auth.impl.NacosClientAuthServiceImpl success.
2026-01-21 10:38:55.873 INFO  [main] c.a.n.p.auth.spi.client.ClientAuthPluginManager - [ClientAuthPluginManager] Load ClientAuthService com.alibaba.nacos.client.auth.ram.RamClientAuthServiceImpl success.
2026-01-21 10:38:55.877 INFO  [main] com.alibaba.nacos.common.remote.client - [RpcClientFactory] create a new rpc client of 3451024f-5447-481a-b636-1266c67dddce
2026-01-21 10:38:55.877 INFO  [main] com.alibaba.nacos.client.naming - Create naming rpc client for uuid->3451024f-5447-481a-b636-1266c67dddce
2026-01-21 10:38:55.878 INFO  [main] com.alibaba.nacos.common.remote.client - [3451024f-5447-481a-b636-1266c67dddce] RpcClient init, ServerListFactory = com.alibaba.nacos.client.naming.core.ServerListManager
2026-01-21 10:38:55.878 INFO  [main] com.alibaba.nacos.common.remote.client - [3451024f-5447-481a-b636-1266c67dddce] Registry connection listener to current client:com.alibaba.nacos.client.naming.remote.gprc.redo.NamingGrpcRedoService
2026-01-21 10:38:55.878 INFO  [main] com.alibaba.nacos.common.remote.client - [3451024f-5447-481a-b636-1266c67dddce] Register server push request handler:com.alibaba.nacos.client.naming.remote.gprc.NamingPushRequestHandler
2026-01-21 10:38:55.879 INFO  [main] com.alibaba.nacos.common.remote.client - [3451024f-5447-481a-b636-1266c67dddce] Try to connect to server on start up, server: {serverIp = '127.0.0.1', server main port = 8848}
2026-01-21 10:38:55.879 INFO  [main] c.a.nacos.common.remote.client.grpc.GrpcClient - grpc client connection server:127.0.0.1 ip,serverPort:9848,grpcTslConfig:{"sslProvider":"","enableTls":false,"mutualAuthEnable":false,"trustAll":false}
2026-01-21 10:38:55.996 INFO  [main] com.alibaba.nacos.common.remote.client - [3451024f-5447-481a-b636-1266c67dddce] Success to connect to server [127.0.0.1:8848] on start up, connectionId = 1768963135835_172.19.0.1_35276
2026-01-21 10:38:55.996 INFO  [main] com.alibaba.nacos.common.remote.client - [3451024f-5447-481a-b636-1266c67dddce] Register server push request handler:com.alibaba.nacos.common.remote.client.RpcClient$ConnectResetRequestHandler
2026-01-21 10:38:55.996 INFO  [com.alibaba.nacos.client.remote.worker.0] com.alibaba.nacos.common.remote.client - [3451024f-5447-481a-b636-1266c67dddce] Notify connected event to listeners.
2026-01-21 10:38:55.996 INFO  [main] com.alibaba.nacos.common.remote.client - [3451024f-5447-481a-b636-1266c67dddce] Register server push request handler:com.alibaba.nacos.common.remote.client.RpcClient$$Lambda/0x0000024d814fd088
2026-01-21 10:38:55.996 INFO  [com.alibaba.nacos.client.remote.worker.0] com.alibaba.nacos.client.naming - Grpc connection connect
2026-01-21 10:38:55.997 INFO  [main] com.alibaba.nacos.client.naming - [REGISTER-SERVICE] public registering service Coo-auth with instance Instance{instanceId='null', ip='172.25.112.1', port=8081, weight=1.0, healthy=true, enabled=true, ephemeral=true, clusterName='', serviceName='null', metadata={IPv6=null, preserved.register.source=SPRING_CLOUD}}
2026-01-21 10:38:56.009 INFO  [main] c.a.cloud.nacos.registry.NacosServiceRegistry - nacos registry, DEFAULT_GROUP Coo-auth 172.25.112.1:8081 register finished
2026-01-21 10:38:56.021 INFO  [main] org.foreverempty.cooauth.CooAuthApplication - Started CooAuthApplication in 3.598 seconds (process running for 4.171)
2026-01-21 10:38:56.025 INFO  [main] com.alibaba.nacos.client.config.impl.CacheData - config listener notify warn timeout millis use default 60000 millis 
2026-01-21 10:38:56.025 INFO  [main] com.alibaba.nacos.client.config.impl.CacheData - nacos.cache.data.init.snapshot = true 
2026-01-21 10:38:56.026 INFO  [main] com.alibaba.nacos.client.config.impl.ClientWorker - [fixed-127.0.0.1_8848] [subscribe] Coo-auth.yaml+DEFAULT_GROUP
2026-01-21 10:38:56.031 INFO  [main] com.alibaba.nacos.client.config.impl.CacheData - [fixed-127.0.0.1_8848] [add-listener] ok, tenant=, dataId=Coo-auth.yaml, group=DEFAULT_GROUP, cnt=1
2026-01-21 10:38:56.031 INFO  [main] c.a.cloud.nacos.refresh.NacosContextRefresher - [Nacos Config] Listening config: dataId=Coo-auth.yaml, group=DEFAULT_GROUP
2026-01-21 10:38:56.031 INFO  [main] com.alibaba.nacos.client.config.impl.ClientWorker - [fixed-127.0.0.1_8848] [subscribe] Coo-auth+DEFAULT_GROUP
2026-01-21 10:38:56.031 INFO  [main] com.alibaba.nacos.client.config.impl.CacheData - [fixed-127.0.0.1_8848] [add-listener] ok, tenant=, dataId=Coo-auth, group=DEFAULT_GROUP, cnt=1
2026-01-21 10:38:56.031 INFO  [main] c.a.cloud.nacos.refresh.NacosContextRefresher - [Nacos Config] Listening config: dataId=Coo-auth, group=DEFAULT_GROUP
2026-01-21 10:56:36.740 INFO  [tomcat-handler-0] o.a.c.core.ContainerBase.[Tomcat].[localhost].[/] - Initializing Spring DispatcherServlet 'dispatcherServlet'
2026-01-21 10:56:36.741 INFO  [tomcat-handler-0] org.springframework.web.servlet.DispatcherServlet - Initializing Servlet 'dispatcherServlet'
2026-01-21 10:56:36.742 INFO  [tomcat-handler-0] org.springframework.web.servlet.DispatcherServlet - Completed initialization in 1 ms
2026-01-21 10:56:36.844 INFO  [tomcat-handler-0] com.zaxxer.hikari.HikariDataSource - HikariPool-1 - Starting...
2026-01-21 10:56:37.103 INFO  [tomcat-handler-0] com.zaxxer.hikari.pool.HikariPool - HikariPool-1 - Added connection com.mysql.cj.jdbc.ConnectionImpl@1e3b81a9
2026-01-21 10:56:37.104 INFO  [tomcat-handler-0] com.zaxxer.hikari.HikariDataSource - HikariPool-1 - Start completed.
2026-01-21 11:05:09.341 WARN  [Thread-5] com.alibaba.nacos.common.notify.NotifyCenter - [NotifyCenter] Start destroying Publisher
2026-01-21 11:05:09.341 WARN  [Thread-3] c.alibaba.nacos.common.http.HttpClientBeanHolder - [HttpClientBeanHolder] Start destroying common HttpClient
2026-01-21 11:05:09.342 WARN  [Thread-5] com.alibaba.nacos.common.notify.NotifyCenter - [NotifyCenter] Destruction of the end
2026-01-21 11:05:09.343 WARN  [Thread-3] c.alibaba.nacos.common.http.HttpClientBeanHolder - [HttpClientBeanHolder] Destruction of the end
2026-01-21 11:05:09.342 WARN  [Thread-5] com.alibaba.nacos.common.notify.NotifyCenter - [NotifyCenter] Start destroying Publisher
2026-01-21 11:05:09.343 WARN  [Thread-5] com.alibaba.nacos.common.notify.NotifyCenter - [NotifyCenter] Destruction of the end
2026-01-21 11:05:09.343 WARN  [Thread-3] c.alibaba.nacos.common.http.HttpClientBeanHolder - [HttpClientBeanHolder] Start destroying common HttpClient
2026-01-21 11:05:09.343 WARN  [Thread-3] c.alibaba.nacos.common.http.HttpClientBeanHolder - [HttpClientBeanHolder] Destruction of the end
2026-01-21 11:05:09.345 INFO  [SpringApplicationShutdownHook] o.s.boot.web.embedded.tomcat.GracefulShutdown - Commencing graceful shutdown. Waiting for active requests to complete
2026-01-21 11:05:09.346 INFO  [SpringApplicationShutdownHook] o.s.boot.web.embedded.tomcat.GracefulShutdown - Commencing graceful shutdown. Waiting for active requests to complete
2026-01-21 11:05:09.350 INFO  [tomcat-shutdown] o.s.boot.web.embedded.tomcat.GracefulShutdown - Graceful shutdown complete
2026-01-21 11:05:09.351 INFO  [tomcat-shutdown] o.s.boot.web.embedded.tomcat.GracefulShutdown - Graceful shutdown complete
2026-01-21 11:05:09.353 INFO  [SpringApplicationShutdownHook] c.a.cloud.nacos.registry.NacosServiceRegistry - De-registering from Nacos Server now...
2026-01-21 11:05:09.353 INFO  [SpringApplicationShutdownHook] com.alibaba.nacos.client.naming - [DEREGISTER-SERVICE] public deregistering service Coo-auth with instance: Instance{instanceId='null', ip='172.25.112.1', port=8081, weight=1.0, healthy=true, enabled=true, ephemeral=true, clusterName='', serviceName='null', metadata={}}
2026-01-21 11:05:09.355 INFO  [SpringApplicationShutdownHook] c.a.cloud.nacos.registry.NacosServiceRegistry - De-registering from Nacos Server now...
2026-01-21 11:05:09.355 INFO  [SpringApplicationShutdownHook] com.alibaba.nacos.client.naming - [DEREGISTER-SERVICE] public deregistering service Coo-file with instance: Instance{instanceId='null', ip='172.25.112.1', port=8082, weight=1.0, healthy=true, enabled=true, ephemeral=true, clusterName='', serviceName='null', metadata={}}
2026-01-21 11:05:09.360 INFO  [SpringApplicationShutdownHook] c.a.cloud.nacos.registry.NacosServiceRegistry - De-registration finished.
2026-01-21 11:05:09.360 INFO  [SpringApplicationShutdownHook] c.a.cloud.nacos.registry.NacosServiceRegistry - De-registration finished.
2026-01-21 11:05:09.361 INFO  [SpringApplicationShutdownHook] com.alibaba.nacos.client.naming - com.alibaba.nacos.client.naming.cache.ServiceInfoHolder do shutdown begin
2026-01-21 11:05:09.361 INFO  [SpringApplicationShutdownHook] com.alibaba.nacos.client.naming - com.alibaba.nacos.client.naming.cache.ServiceInfoHolder do shutdown begin
2026-01-21 11:05:09.361 INFO  [SpringApplicationShutdownHook] com.alibaba.nacos.client.naming - com.alibaba.nacos.client.naming.backups.FailoverReactor do shutdown begin
2026-01-21 11:05:09.361 INFO  [SpringApplicationShutdownHook] com.alibaba.nacos.client.naming - com.alibaba.nacos.client.naming.backups.FailoverReactor do shutdown begin
2026-01-21 11:05:09.361 INFO  [SpringApplicationShutdownHook] com.alibaba.nacos.client.naming - com.alibaba.nacos.client.naming.backups.FailoverReactor do shutdown stop
2026-01-21 11:05:09.361 INFO  [SpringApplicationShutdownHook] com.alibaba.nacos.client.naming - com.alibaba.nacos.client.naming.cache.ServiceInfoHolder do shutdown stop
2026-01-21 11:05:09.361 INFO  [SpringApplicationShutdownHook] com.alibaba.nacos.client.naming - com.alibaba.nacos.client.naming.remote.NamingClientProxyDelegate do shutdown begin
2026-01-21 11:05:09.361 INFO  [SpringApplicationShutdownHook] com.alibaba.nacos.client.naming - com.alibaba.nacos.client.naming.backups.FailoverReactor do shutdown stop
2026-01-21 11:05:09.361 INFO  [SpringApplicationShutdownHook] com.alibaba.nacos.client.naming - com.alibaba.nacos.client.naming.cache.ServiceInfoHolder do shutdown stop
2026-01-21 11:05:09.361 INFO  [SpringApplicationShutdownHook] com.alibaba.nacos.client.naming - com.alibaba.nacos.client.naming.core.ServiceInfoUpdateService do shutdown begin
2026-01-21 11:05:09.361 INFO  [SpringApplicationShutdownHook] com.alibaba.nacos.client.naming - com.alibaba.nacos.client.naming.remote.NamingClientProxyDelegate do shutdown begin
2026-01-21 11:05:09.361 INFO  [SpringApplicationShutdownHook] com.alibaba.nacos.client.naming - com.alibaba.nacos.client.naming.core.ServiceInfoUpdateService do shutdown stop
2026-01-21 11:05:09.361 INFO  [SpringApplicationShutdownHook] com.alibaba.nacos.client.naming - com.alibaba.nacos.client.naming.core.ServiceInfoUpdateService do shutdown begin
2026-01-21 11:05:09.361 INFO  [SpringApplicationShutdownHook] com.alibaba.nacos.client.naming - com.alibaba.nacos.client.naming.core.ServerListManager do shutdown begin
2026-01-21 11:05:09.361 WARN  [SpringApplicationShutdownHook] com.alibaba.nacos.client.naming - [NamingHttpClientManager] Start destroying NacosRestTemplate
2026-01-21 11:05:09.361 INFO  [SpringApplicationShutdownHook] com.alibaba.nacos.client.naming - com.alibaba.nacos.client.naming.core.ServiceInfoUpdateService do shutdown stop
2026-01-21 11:05:09.361 WARN  [SpringApplicationShutdownHook] com.alibaba.nacos.client.naming - [NamingHttpClientManager] Destruction of the end
2026-01-21 11:05:09.361 INFO  [SpringApplicationShutdownHook] com.alibaba.nacos.client.naming - com.alibaba.nacos.client.naming.core.ServerListManager do shutdown begin
2026-01-21 11:05:09.361 INFO  [SpringApplicationShutdownHook] com.alibaba.nacos.client.naming - com.alibaba.nacos.client.naming.core.ServerListManager do shutdown stop
2026-01-21 11:05:09.361 WARN  [SpringApplicationShutdownHook] com.alibaba.nacos.client.naming - [NamingHttpClientManager] Start destroying NacosRestTemplate
2026-01-21 11:05:09.361 INFO  [SpringApplicationShutdownHook] com.alibaba.nacos.client.naming - com.alibaba.nacos.client.naming.remote.http.NamingHttpClientProxy do shutdown begin
2026-01-21 11:05:09.361 WARN  [SpringApplicationShutdownHook] com.alibaba.nacos.client.naming - [NamingHttpClientManager] Start destroying NacosRestTemplate
2026-01-21 11:05:09.362 WARN  [SpringApplicationShutdownHook] com.alibaba.nacos.client.naming - [NamingHttpClientManager] Destruction of the end
2026-01-21 11:05:09.362 WARN  [SpringApplicationShutdownHook] com.alibaba.nacos.client.naming - [NamingHttpClientManager] Destruction of the end
2026-01-21 11:05:09.362 INFO  [SpringApplicationShutdownHook] com.alibaba.nacos.client.naming - com.alibaba.nacos.client.naming.remote.http.NamingHttpClientProxy do shutdown stop
2026-01-21 11:05:09.362 INFO  [SpringApplicationShutdownHook] com.alibaba.nacos.client.naming - com.alibaba.nacos.client.naming.core.ServerListManager do shutdown stop
2026-01-21 11:05:09.362 INFO  [SpringApplicationShutdownHook] com.alibaba.nacos.client.naming - Shutdown naming grpc client proxy for  uuid->9a5f5a68-a16c-4cb2-9b3c-86a17b559cd5
2026-01-21 11:05:09.362 INFO  [SpringApplicationShutdownHook] com.alibaba.nacos.client.naming - com.alibaba.nacos.client.naming.remote.http.NamingHttpClientProxy do shutdown begin
2026-01-21 11:05:09.362 WARN  [SpringApplicationShutdownHook] com.alibaba.nacos.client.naming - [NamingHttpClientManager] Start destroying NacosRestTemplate
2026-01-21 11:05:09.362 INFO  [SpringApplicationShutdownHook] com.alibaba.nacos.client.naming - Shutdown grpc redo service executor java.util.concurrent.ScheduledThreadPoolExecutor@31183ee2[Running, pool size = 1, active threads = 0, queued tasks = 1, completed tasks = 523]
2026-01-21 11:05:09.362 WARN  [SpringApplicationShutdownHook] com.alibaba.nacos.client.naming - [NamingHttpClientManager] Destruction of the end
2026-01-21 11:05:09.362 INFO  [SpringApplicationShutdownHook] com.alibaba.nacos.client.naming - com.alibaba.nacos.client.naming.remote.http.NamingHttpClientProxy do shutdown stop
2026-01-21 11:05:09.362 INFO  [SpringApplicationShutdownHook] com.alibaba.nacos.client.naming - Shutdown naming grpc client proxy for  uuid->3451024f-5447-481a-b636-1266c67dddce
2026-01-21 11:05:09.362 INFO  [SpringApplicationShutdownHook] com.alibaba.nacos.client.naming - Shutdown grpc redo service executor java.util.concurrent.ScheduledThreadPoolExecutor@36120a8b[Running, pool size = 1, active threads = 0, queued tasks = 1, completed tasks = 522]
2026-01-21 11:05:09.362 INFO  [SpringApplicationShutdownHook] com.alibaba.nacos.common.remote.client - Shutdown rpc client, set status to shutdown
2026-01-21 11:05:09.362 INFO  [SpringApplicationShutdownHook] com.alibaba.nacos.common.remote.client - Shutdown client event executor java.util.concurrent.ScheduledThreadPoolExecutor@201a8ea7[Running, pool size = 2, active threads = 2, queued tasks = 0, completed tasks = 0]
2026-01-21 11:05:09.362 INFO  [SpringApplicationShutdownHook] com.alibaba.nacos.common.remote.client - Shutdown rpc client, set status to shutdown
2026-01-21 11:05:09.362 INFO  [SpringApplicationShutdownHook] com.alibaba.nacos.common.remote.client - Close current connection 1768963134918_172.19.0.1_35268
2026-01-21 11:05:09.362 INFO  [SpringApplicationShutdownHook] com.alibaba.nacos.common.remote.client - Shutdown client event executor java.util.concurrent.ScheduledThreadPoolExecutor@395197cb[Running, pool size = 2, active threads = 2, queued tasks = 0, completed tasks = 0]
2026-01-21 11:05:09.362 INFO  [SpringApplicationShutdownHook] com.alibaba.nacos.common.remote.client - Close current connection 1768963135835_172.19.0.1_35276
2026-01-21 11:05:09.364 INFO  [nacos-grpc-client-executor-127.0.0.1-340] c.a.nacos.common.remote.client.grpc.GrpcClient - [1768963135835_172.19.0.1_35276]Ignore complete event,isRunning:false,isAbandon=false
2026-01-21 11:05:09.365 INFO  [nacos-grpc-client-executor-127.0.0.1-328] c.a.nacos.common.remote.client.grpc.GrpcClient - [1768963134918_172.19.0.1_35268]Ignore complete event,isRunning:false,isAbandon=false
2026-01-21 11:05:09.366 INFO  [SpringApplicationShutdownHook] c.a.nacos.common.remote.client.grpc.GrpcClient - Shutdown grpc executor java.util.concurrent.ThreadPoolExecutor@574218f[Running, pool size = 4, active threads = 0, queued tasks = 0, completed tasks = 329]
2026-01-21 11:05:09.366 INFO  [com.alibaba.nacos.client.remote.worker.1] com.alibaba.nacos.common.remote.client - [3451024f-5447-481a-b636-1266c67dddce] Server healthy check fail, currentConnection = 1768963135835_172.19.0.1_35276
2026-01-21 11:05:09.366 INFO  [SpringApplicationShutdownHook] c.a.nacos.common.remote.client.grpc.GrpcClient - Shutdown grpc executor java.util.concurrent.ThreadPoolExecutor@443253a6[Running, pool size = 6, active threads = 0, queued tasks = 0, completed tasks = 344]
2026-01-21 11:05:09.367 INFO  [SpringApplicationShutdownHook] com.alibaba.nacos.client.naming - shutdown and remove naming rpc client  for uuid ->9a5f5a68-a16c-4cb2-9b3c-86a17b559cd5
2026-01-21 11:05:09.367 INFO  [SpringApplicationShutdownHook] com.alibaba.nacos.client.naming - shutdown and remove naming rpc client  for uuid ->3451024f-5447-481a-b636-1266c67dddce
2026-01-21 11:05:09.367 INFO  [SpringApplicationShutdownHook] c.a.n.client.auth.ram.identify.CredentialWatcher - [null] CredentialWatcher is stopped
2026-01-21 11:05:09.367 INFO  [SpringApplicationShutdownHook] c.a.n.client.auth.ram.identify.CredentialWatcher - [null] CredentialWatcher is stopped
2026-01-21 11:05:09.367 INFO  [SpringApplicationShutdownHook] c.a.n.client.auth.ram.identify.CredentialService - [null] CredentialService is freed
2026-01-21 11:05:09.367 INFO  [SpringApplicationShutdownHook] c.a.n.client.auth.ram.identify.CredentialService - [null] CredentialService is freed
2026-01-21 11:05:09.367 INFO  [SpringApplicationShutdownHook] com.alibaba.nacos.client.naming - com.alibaba.nacos.client.naming.remote.NamingClientProxyDelegate do shutdown stop
2026-01-21 11:05:09.367 INFO  [SpringApplicationShutdownHook] com.alibaba.nacos.client.naming - com.alibaba.nacos.client.naming.remote.NamingClientProxyDelegate do shutdown stop
2026-01-21 11:05:09.368 INFO  [SpringApplicationShutdownHook] com.zaxxer.hikari.HikariDataSource - HikariPool-1 - Shutdown initiated...
2026-01-21 11:05:09.374 INFO  [SpringApplicationShutdownHook] com.zaxxer.hikari.HikariDataSource - HikariPool-1 - Shutdown completed.
2026-01-21 11:05:12.577 INFO  [main] com.alibaba.nacos.client.utils.ParamUtil - [settings] [req-serv] nacos-server port:8848
2026-01-21 11:05:12.578 INFO  [main] com.alibaba.nacos.client.utils.ParamUtil - [settings] [http-client] connect timeout:1000
2026-01-21 11:05:12.579 INFO  [Thread-2] c.a.n.client.auth.ram.identify.CredentialWatcher - null No credential found
2026-01-21 11:05:12.579 INFO  [main] com.alibaba.nacos.client.utils.ParamUtil - PER_TASK_CONFIG_SIZE: 3000.0
2026-01-21 11:05:12.594 INFO  [main] com.alibaba.nacos.common.labels - DefaultLabelsCollectorManager get labels.....
2026-01-21 11:05:12.595 INFO  [main] com.alibaba.nacos.common.labels - Process LabelsCollector with [name:defaultNacosLabelsCollector]
2026-01-21 11:05:12.595 INFO  [main] com.alibaba.nacos.common.labels - default nacos collect properties raw labels: null
2026-01-21 11:05:12.595 INFO  [main] com.alibaba.nacos.common.labels - default nacos collect properties labels: {}
2026-01-21 11:05:12.595 INFO  [main] com.alibaba.nacos.common.labels - default nacos collect jvm raw labels: null
2026-01-21 11:05:12.595 INFO  [main] com.alibaba.nacos.common.labels - default nacos collect jvm labels: {}
2026-01-21 11:05:12.595 INFO  [main] com.alibaba.nacos.common.labels - default nacos collect env raw labels: null
2026-01-21 11:05:12.595 INFO  [main] com.alibaba.nacos.common.labels - default nacos collect env labels: {}
2026-01-21 11:05:12.596 INFO  [main] com.alibaba.nacos.common.labels - DefaultLabelsCollectorManager get labels finished,labels :{}
2026-01-21 11:05:12.600 INFO  [main] c.a.n.p.auth.spi.client.ClientAuthPluginManager - [ClientAuthPluginManager] Load ClientAuthService com.alibaba.nacos.client.auth.impl.NacosClientAuthServiceImpl success.
2026-01-21 11:05:12.601 INFO  [main] c.a.n.p.auth.spi.client.ClientAuthPluginManager - [ClientAuthPluginManager] Load ClientAuthService com.alibaba.nacos.client.auth.ram.RamClientAuthServiceImpl success.
2026-01-21 11:05:12.605 INFO  [main] c.a.n.client.config.impl.LocalConfigInfoProcessor - LOCAL_SNAPSHOT_PATH:C:\Users\ForeverEmpty\nacos\config
2026-01-21 11:05:12.612 INFO  [main] com.alibaba.nacos.common.remote.client - [RpcClientFactory] create a new rpc client of a13af16c-69e4-4e34-9154-c951c25782e2_config-0
2026-01-21 11:05:12.625 INFO  [main] com.alibaba.nacos.common.remote.client - [a13af16c-69e4-4e34-9154-c951c25782e2_config-0] Register server push request handler:com.alibaba.nacos.client.config.impl.ClientWorker$ConfigRpcTransportClient$$Lambda/0x0000028e383b4968
2026-01-21 11:05:12.625 INFO  [main] com.alibaba.nacos.common.remote.client - [a13af16c-69e4-4e34-9154-c951c25782e2_config-0] Register server push request handler:com.alibaba.nacos.client.config.impl.ClientWorker$ConfigRpcTransportClient$$Lambda/0x0000028e383b4d78
2026-01-21 11:05:12.625 INFO  [main] com.alibaba.nacos.common.remote.client - [a13af16c-69e4-4e34-9154-c951c25782e2_config-0] Registry connection listener to current client:com.alibaba.nacos.client.config.impl.ClientWorker$ConfigRpcTransportClient$1
2026-01-21 11:05:12.626 INFO  [main] com.alibaba.nacos.common.remote.client - [a13af16c-69e4-4e34-9154-c951c25782e2_config-0] RpcClient init, ServerListFactory = com.alibaba.nacos.client.config.impl.ClientWorker$ConfigRpcTransportClient$2
2026-01-21 11:05:12.630 INFO  [main] com.alibaba.nacos.common.remote.client - [a13af16c-69e4-4e34-9154-c951c25782e2_config-0] Try to connect to server on start up, server: {serverIp = '127.0.0.1', server main port = 8848}
2026-01-21 11:05:12.658 INFO  [main] c.a.nacos.common.remote.client.grpc.GrpcClient - grpc client connection server:127.0.0.1 ip,serverPort:9848,grpcTslConfig:{"sslProvider":"","enableTls":false,"mutualAuthEnable":false,"trustAll":false}
2026-01-21 11:05:13.069 INFO  [main] c.a.n.common.ability.AbstractAbilityControlManager - Ready to get current node abilities...
2026-01-21 11:05:13.070 INFO  [main] c.a.n.common.ability.AbstractAbilityControlManager - Ready to initialize current node abilities, support modes: [SDK_CLIENT]
2026-01-21 11:05:13.071 INFO  [main] c.a.n.common.ability.AbstractAbilityControlManager - Initialize current abilities finish...
2026-01-21 11:05:13.071 INFO  [main] c.a.n.c.ability.discover.NacosAbilityManagerHolder - [AbilityControlManager] Successfully initialize AbilityControlManager
2026-01-21 11:05:13.190 INFO  [main] com.alibaba.nacos.common.remote.client - [a13af16c-69e4-4e34-9154-c951c25782e2_config-0] Success to connect to server [127.0.0.1:8848] on start up, connectionId = 1768964713352_172.19.0.1_44080
2026-01-21 11:05:13.191 INFO  [com.alibaba.nacos.client.remote.worker.0] com.alibaba.nacos.common.remote.client - [a13af16c-69e4-4e34-9154-c951c25782e2_config-0] Notify connected event to listeners.
2026-01-21 11:05:13.191 INFO  [com.alibaba.nacos.client.remote.worker.0] com.alibaba.nacos.client.config.impl.ClientWorker - [a13af16c-69e4-4e34-9154-c951c25782e2_config-0] Connected,notify listen context...
2026-01-21 11:05:13.191 INFO  [main] com.alibaba.nacos.common.remote.client - [a13af16c-69e4-4e34-9154-c951c25782e2_config-0] Register server push request handler:com.alibaba.nacos.common.remote.client.RpcClient$ConnectResetRequestHandler
2026-01-21 11:05:13.191 INFO  [main] com.alibaba.nacos.common.remote.client - [a13af16c-69e4-4e34-9154-c951c25782e2_config-0] Register server push request handler:com.alibaba.nacos.common.remote.client.RpcClient$$Lambda/0x0000028e384ff818
2026-01-21 11:05:13.223 INFO  [main] com.alibaba.nacos.client.config.impl.Limiter - limitTime:5.0
2026-01-21 11:05:13.238 WARN  [main] c.a.cloud.nacos.client.NacosPropertySourceBuilder - Ignore the empty nacos configuration and get it based on dataId[Coo-file] & group[DEFAULT_GROUP]
2026-01-21 11:05:13.246 INFO  [main] com.alibaba.nacos.client.config.utils.JvmUtil - isMultiInstance:false
2026-01-21 11:05:13.251 INFO  [main] o.s.c.b.c.PropertySourceBootstrapConfiguration - Located property source: [BootstrapPropertySource {name='bootstrapProperties-Coo-file.yaml,DEFAULT_GROUP'}, BootstrapPropertySource {name='bootstrapProperties-Coo-file,DEFAULT_GROUP'}]
2026-01-21 11:05:13.255 INFO  [main] org.foreverempty.coofile.CooFileApplication - No active profile set, falling back to 1 default profile: "default"
2026-01-21 11:05:13.650 INFO  [main] o.springframework.cloud.context.scope.GenericScope - BeanFactory id=02526e6a-6e6e-3f45-bf05-85fb5eed1e98
2026-01-21 11:05:13.810 INFO  [main] o.s.boot.web.embedded.tomcat.TomcatWebServer - Tomcat initialized with port 8082 (http)
2026-01-21 11:05:13.819 INFO  [main] org.apache.coyote.http11.Http11NioProtocol - Initializing ProtocolHandler ["http-nio-8082"]
2026-01-21 11:05:13.820 INFO  [main] org.apache.catalina.core.StandardService - Starting service [Tomcat]
2026-01-21 11:05:13.820 INFO  [main] org.apache.catalina.core.StandardEngine - Starting Servlet engine: [Apache Tomcat/10.1.50]
2026-01-21 11:05:13.862 INFO  [main] o.a.c.core.ContainerBase.[Tomcat].[localhost].[/] - Initializing Spring embedded WebApplicationContext
2026-01-21 11:05:13.863 INFO  [main] o.s.b.w.s.c.ServletWebServerApplicationContext - Root WebApplicationContext: initialization completed in 601 ms
2026-01-21 11:05:14.280 INFO  [main] org.apache.coyote.http11.Http11NioProtocol - Starting ProtocolHandler ["http-nio-8082"]
2026-01-21 11:05:14.286 INFO  [main] o.s.boot.web.embedded.tomcat.TomcatWebServer - Tomcat started on port 8082 (http) with context path '/'
2026-01-21 11:05:14.290 INFO  [main] com.alibaba.nacos.client.naming - initializer namespace from ans.namespace attribute : null
2026-01-21 11:05:14.290 INFO  [main] com.alibaba.nacos.client.naming - initializer namespace from ALIBABA_ALIWARE_NAMESPACE attribute :null
2026-01-21 11:05:14.290 INFO  [main] com.alibaba.nacos.client.naming - initializer namespace from namespace attribute :null
2026-01-21 11:05:14.295 INFO  [main] com.alibaba.nacos.client.naming - FailoverDataSource type is class com.alibaba.nacos.client.naming.backups.datasource.DiskFailoverDataSource
2026-01-21 11:05:14.297 INFO  [main] c.a.n.p.auth.spi.client.ClientAuthPluginManager - [ClientAuthPluginManager] Load ClientAuthService com.alibaba.nacos.client.auth.impl.NacosClientAuthServiceImpl success.
2026-01-21 11:05:14.297 INFO  [main] c.a.n.p.auth.spi.client.ClientAuthPluginManager - [ClientAuthPluginManager] Load ClientAuthService com.alibaba.nacos.client.auth.ram.RamClientAuthServiceImpl success.
2026-01-21 11:05:14.300 INFO  [main] com.alibaba.nacos.common.remote.client - [RpcClientFactory] create a new rpc client of 3f9a22ef-f576-4a42-bbd8-9cf50bf7c3f8
2026-01-21 11:05:14.301 INFO  [main] com.alibaba.nacos.client.naming - Create naming rpc client for uuid->3f9a22ef-f576-4a42-bbd8-9cf50bf7c3f8
2026-01-21 11:05:14.301 INFO  [main] com.alibaba.nacos.common.remote.client - [3f9a22ef-f576-4a42-bbd8-9cf50bf7c3f8] RpcClient init, ServerListFactory = com.alibaba.nacos.client.naming.core.ServerListManager
2026-01-21 11:05:14.301 INFO  [main] com.alibaba.nacos.common.remote.client - [3f9a22ef-f576-4a42-bbd8-9cf50bf7c3f8] Registry connection listener to current client:com.alibaba.nacos.client.naming.remote.gprc.redo.NamingGrpcRedoService
2026-01-21 11:05:14.301 INFO  [main] com.alibaba.nacos.common.remote.client - [3f9a22ef-f576-4a42-bbd8-9cf50bf7c3f8] Register server push request handler:com.alibaba.nacos.client.naming.remote.gprc.NamingPushRequestHandler
2026-01-21 11:05:14.302 INFO  [main] com.alibaba.nacos.common.remote.client - [3f9a22ef-f576-4a42-bbd8-9cf50bf7c3f8] Try to connect to server on start up, server: {serverIp = '127.0.0.1', server main port = 8848}
2026-01-21 11:05:14.302 INFO  [main] c.a.nacos.common.remote.client.grpc.GrpcClient - grpc client connection server:127.0.0.1 ip,serverPort:9848,grpcTslConfig:{"sslProvider":"","enableTls":false,"mutualAuthEnable":false,"trustAll":false}
2026-01-21 11:05:14.417 INFO  [main] com.alibaba.nacos.common.remote.client - [3f9a22ef-f576-4a42-bbd8-9cf50bf7c3f8] Success to connect to server [127.0.0.1:8848] on start up, connectionId = 1768964714609_172.19.0.1_44094
2026-01-21 11:05:14.417 INFO  [main] com.alibaba.nacos.common.remote.client - [3f9a22ef-f576-4a42-bbd8-9cf50bf7c3f8] Register server push request handler:com.alibaba.nacos.common.remote.client.RpcClient$ConnectResetRequestHandler
2026-01-21 11:05:14.417 INFO  [com.alibaba.nacos.client.remote.worker.0] com.alibaba.nacos.common.remote.client - [3f9a22ef-f576-4a42-bbd8-9cf50bf7c3f8] Notify connected event to listeners.
2026-01-21 11:05:14.417 INFO  [main] com.alibaba.nacos.common.remote.client - [3f9a22ef-f576-4a42-bbd8-9cf50bf7c3f8] Register server push request handler:com.alibaba.nacos.common.remote.client.RpcClient$$Lambda/0x0000028e384ff818
2026-01-21 11:05:14.417 INFO  [com.alibaba.nacos.client.remote.worker.0] com.alibaba.nacos.client.naming - Grpc connection connect
2026-01-21 11:05:14.418 INFO  [main] com.alibaba.nacos.client.naming - [REGISTER-SERVICE] public registering service Coo-file with instance Instance{instanceId='null', ip='172.25.112.1', port=8082, weight=1.0, healthy=true, enabled=true, ephemeral=true, clusterName='', serviceName='null', metadata={IPv6=null, preserved.register.source=SPRING_CLOUD}}
2026-01-21 11:05:14.431 INFO  [main] c.a.cloud.nacos.registry.NacosServiceRegistry - nacos registry, DEFAULT_GROUP Coo-file 172.25.112.1:8082 register finished
2026-01-21 11:05:14.440 INFO  [main] org.foreverempty.coofile.CooFileApplication - Started CooFileApplication in 2.483 seconds (process running for 3.007)
2026-01-21 11:05:14.442 INFO  [main] com.alibaba.nacos.client.config.impl.CacheData - config listener notify warn timeout millis use default 60000 millis 
2026-01-21 11:05:14.442 INFO  [main] com.alibaba.nacos.client.config.impl.CacheData - nacos.cache.data.init.snapshot = true 
2026-01-21 11:05:14.442 INFO  [main] com.alibaba.nacos.client.config.impl.ClientWorker - [fixed-127.0.0.1_8848] [subscribe] Coo-file+DEFAULT_GROUP
2026-01-21 11:05:14.448 INFO  [main] com.alibaba.nacos.client.config.impl.CacheData - [fixed-127.0.0.1_8848] [add-listener] ok, tenant=, dataId=Coo-file, group=DEFAULT_GROUP, cnt=1
2026-01-21 11:05:14.448 INFO  [main] c.a.cloud.nacos.refresh.NacosContextRefresher - [Nacos Config] Listening config: dataId=Coo-file, group=DEFAULT_GROUP
2026-01-21 11:05:14.449 INFO  [main] com.alibaba.nacos.client.config.impl.ClientWorker - [fixed-127.0.0.1_8848] [subscribe] Coo-file.yaml+DEFAULT_GROUP
2026-01-21 11:05:14.449 INFO  [main] com.alibaba.nacos.client.config.impl.CacheData - [fixed-127.0.0.1_8848] [add-listener] ok, tenant=, dataId=Coo-file.yaml, group=DEFAULT_GROUP, cnt=1
2026-01-21 11:05:14.449 INFO  [main] c.a.cloud.nacos.refresh.NacosContextRefresher - [Nacos Config] Listening config: dataId=Coo-file.yaml, group=DEFAULT_GROUP
2026-01-21 11:05:15.772 INFO  [main] com.alibaba.nacos.client.utils.ParamUtil - [settings] [req-serv] nacos-server port:8848
2026-01-21 11:05:15.773 INFO  [main] com.alibaba.nacos.client.utils.ParamUtil - [settings] [http-client] connect timeout:1000
2026-01-21 11:05:15.774 INFO  [Thread-2] c.a.n.client.auth.ram.identify.CredentialWatcher - null No credential found
2026-01-21 11:05:15.774 INFO  [main] com.alibaba.nacos.client.utils.ParamUtil - PER_TASK_CONFIG_SIZE: 3000.0
2026-01-21 11:05:15.787 INFO  [main] com.alibaba.nacos.common.labels - DefaultLabelsCollectorManager get labels.....
2026-01-21 11:05:15.787 INFO  [main] com.alibaba.nacos.common.labels - Process LabelsCollector with [name:defaultNacosLabelsCollector]
2026-01-21 11:05:15.787 INFO  [main] com.alibaba.nacos.common.labels - default nacos collect properties raw labels: null
2026-01-21 11:05:15.788 INFO  [main] com.alibaba.nacos.common.labels - default nacos collect properties labels: {}
2026-01-21 11:05:15.788 INFO  [main] com.alibaba.nacos.common.labels - default nacos collect jvm raw labels: null
2026-01-21 11:05:15.788 INFO  [main] com.alibaba.nacos.common.labels - default nacos collect jvm labels: {}
2026-01-21 11:05:15.788 INFO  [main] com.alibaba.nacos.common.labels - default nacos collect env raw labels: null
2026-01-21 11:05:15.788 INFO  [main] com.alibaba.nacos.common.labels - default nacos collect env labels: {}
2026-01-21 11:05:15.788 INFO  [main] com.alibaba.nacos.common.labels - DefaultLabelsCollectorManager get labels finished,labels :{}
2026-01-21 11:05:15.792 INFO  [main] c.a.n.p.auth.spi.client.ClientAuthPluginManager - [ClientAuthPluginManager] Load ClientAuthService com.alibaba.nacos.client.auth.impl.NacosClientAuthServiceImpl success.
2026-01-21 11:05:15.792 INFO  [main] c.a.n.p.auth.spi.client.ClientAuthPluginManager - [ClientAuthPluginManager] Load ClientAuthService com.alibaba.nacos.client.auth.ram.RamClientAuthServiceImpl success.
2026-01-21 11:05:15.796 INFO  [main] c.a.n.client.config.impl.LocalConfigInfoProcessor - LOCAL_SNAPSHOT_PATH:C:\Users\ForeverEmpty\nacos\config
2026-01-21 11:05:15.798 INFO  [main] com.alibaba.nacos.common.remote.client - [RpcClientFactory] create a new rpc client of 79420197-bcbf-4b97-8ce8-f3d9dcdd3797_config-0
2026-01-21 11:05:15.812 INFO  [main] com.alibaba.nacos.common.remote.client - [79420197-bcbf-4b97-8ce8-f3d9dcdd3797_config-0] Register server push request handler:com.alibaba.nacos.client.config.impl.ClientWorker$ConfigRpcTransportClient$$Lambda/0x00000193b23b5540
2026-01-21 11:05:15.813 INFO  [main] com.alibaba.nacos.common.remote.client - [79420197-bcbf-4b97-8ce8-f3d9dcdd3797_config-0] Register server push request handler:com.alibaba.nacos.client.config.impl.ClientWorker$ConfigRpcTransportClient$$Lambda/0x00000193b23b5950
2026-01-21 11:05:15.813 INFO  [main] com.alibaba.nacos.common.remote.client - [79420197-bcbf-4b97-8ce8-f3d9dcdd3797_config-0] Registry connection listener to current client:com.alibaba.nacos.client.config.impl.ClientWorker$ConfigRpcTransportClient$1
2026-01-21 11:05:15.813 INFO  [main] com.alibaba.nacos.common.remote.client - [79420197-bcbf-4b97-8ce8-f3d9dcdd3797_config-0] RpcClient init, ServerListFactory = com.alibaba.nacos.client.config.impl.ClientWorker$ConfigRpcTransportClient$2
2026-01-21 11:05:15.818 INFO  [main] com.alibaba.nacos.common.remote.client - [79420197-bcbf-4b97-8ce8-f3d9dcdd3797_config-0] Try to connect to server on start up, server: {serverIp = '127.0.0.1', server main port = 8848}
2026-01-21 11:05:15.844 INFO  [main] c.a.nacos.common.remote.client.grpc.GrpcClient - grpc client connection server:127.0.0.1 ip,serverPort:9848,grpcTslConfig:{"sslProvider":"","enableTls":false,"mutualAuthEnable":false,"trustAll":false}
2026-01-21 11:05:16.235 INFO  [main] c.a.n.common.ability.AbstractAbilityControlManager - Ready to get current node abilities...
2026-01-21 11:05:16.236 INFO  [main] c.a.n.common.ability.AbstractAbilityControlManager - Ready to initialize current node abilities, support modes: [SDK_CLIENT]
2026-01-21 11:05:16.237 INFO  [main] c.a.n.common.ability.AbstractAbilityControlManager - Initialize current abilities finish...
2026-01-21 11:05:16.237 INFO  [main] c.a.n.c.ability.discover.NacosAbilityManagerHolder - [AbilityControlManager] Successfully initialize AbilityControlManager
2026-01-21 11:05:16.353 INFO  [main] com.alibaba.nacos.common.remote.client - [79420197-bcbf-4b97-8ce8-f3d9dcdd3797_config-0] Success to connect to server [127.0.0.1:8848] on start up, connectionId = 1768964716398_172.19.0.1_44106
2026-01-21 11:05:16.354 INFO  [com.alibaba.nacos.client.remote.worker.0] com.alibaba.nacos.common.remote.client - [79420197-bcbf-4b97-8ce8-f3d9dcdd3797_config-0] Notify connected event to listeners.
2026-01-21 11:05:16.354 INFO  [com.alibaba.nacos.client.remote.worker.0] com.alibaba.nacos.client.config.impl.ClientWorker - [79420197-bcbf-4b97-8ce8-f3d9dcdd3797_config-0] Connected,notify listen context...
2026-01-21 11:05:16.354 INFO  [main] com.alibaba.nacos.common.remote.client - [79420197-bcbf-4b97-8ce8-f3d9dcdd3797_config-0] Register server push request handler:com.alibaba.nacos.common.remote.client.RpcClient$ConnectResetRequestHandler
2026-01-21 11:05:16.354 INFO  [main] com.alibaba.nacos.common.remote.client - [79420197-bcbf-4b97-8ce8-f3d9dcdd3797_config-0] Register server push request handler:com.alibaba.nacos.common.remote.client.RpcClient$$Lambda/0x00000193b24fe0a8
2026-01-21 11:05:16.389 INFO  [main] com.alibaba.nacos.client.config.impl.Limiter - limitTime:5.0
2026-01-21 11:05:16.406 WARN  [main] c.a.cloud.nacos.client.NacosPropertySourceBuilder - Ignore the empty nacos configuration and get it based on dataId[Coo-auth] & group[DEFAULT_GROUP]
2026-01-21 11:05:16.412 INFO  [main] com.alibaba.nacos.client.config.utils.JvmUtil - isMultiInstance:false
2026-01-21 11:05:16.417 INFO  [main] o.s.c.b.c.PropertySourceBootstrapConfiguration - Located property source: [BootstrapPropertySource {name='bootstrapProperties-Coo-auth.yaml,DEFAULT_GROUP'}, BootstrapPropertySource {name='bootstrapProperties-Coo-auth,DEFAULT_GROUP'}]
2026-01-21 11:05:16.422 INFO  [main] org.foreverempty.cooauth.CooAuthApplication - No active profile set, falling back to 1 default profile: "default"
2026-01-21 11:05:16.843 INFO  [main] o.springframework.cloud.context.scope.GenericScope - BeanFactory id=83629fd3-dd79-3440-bc1f-1c5e3c076c06
2026-01-21 11:05:17.076 INFO  [main] o.s.boot.web.embedded.tomcat.TomcatWebServer - Tomcat initialized with port 8081 (http)
2026-01-21 11:05:17.086 INFO  [main] org.apache.coyote.http11.Http11NioProtocol - Initializing ProtocolHandler ["http-nio-8081"]
2026-01-21 11:05:17.087 INFO  [main] org.apache.catalina.core.StandardService - Starting service [Tomcat]
2026-01-21 11:05:17.087 INFO  [main] org.apache.catalina.core.StandardEngine - Starting Servlet engine: [Apache Tomcat/10.1.50]
2026-01-21 11:05:17.127 INFO  [main] o.a.c.core.ContainerBase.[Tomcat].[localhost].[/] - Initializing Spring embedded WebApplicationContext
2026-01-21 11:05:17.128 INFO  [main] o.s.b.w.s.c.ServletWebServerApplicationContext - Root WebApplicationContext: initialization completed in 695 ms
2026-01-21 11:05:17.684 INFO  [main] org.apache.coyote.http11.Http11NioProtocol - Starting ProtocolHandler ["http-nio-8081"]
2026-01-21 11:05:17.690 INFO  [main] o.s.boot.web.embedded.tomcat.TomcatWebServer - Tomcat started on port 8081 (http) with context path '/'
2026-01-21 11:05:17.693 INFO  [main] com.alibaba.nacos.client.naming - initializer namespace from ans.namespace attribute : null
2026-01-21 11:05:17.693 INFO  [main] com.alibaba.nacos.client.naming - initializer namespace from ALIBABA_ALIWARE_NAMESPACE attribute :null
2026-01-21 11:05:17.693 INFO  [main] com.alibaba.nacos.client.naming - initializer namespace from namespace attribute :null
2026-01-21 11:05:17.702 INFO  [main] com.alibaba.nacos.client.naming - FailoverDataSource type is class com.alibaba.nacos.client.naming.backups.datasource.DiskFailoverDataSource
2026-01-21 11:05:17.706 INFO  [main] c.a.n.p.auth.spi.client.ClientAuthPluginManager - [ClientAuthPluginManager] Load ClientAuthService com.alibaba.nacos.client.auth.impl.NacosClientAuthServiceImpl success.
2026-01-21 11:05:17.706 INFO  [main] c.a.n.p.auth.spi.client.ClientAuthPluginManager - [ClientAuthPluginManager] Load ClientAuthService com.alibaba.nacos.client.auth.ram.RamClientAuthServiceImpl success.
2026-01-21 11:05:17.709 INFO  [main] com.alibaba.nacos.common.remote.client - [RpcClientFactory] create a new rpc client of 4df45556-c56f-46f0-af1d-41ba2547d9e1
2026-01-21 11:05:17.710 INFO  [main] com.alibaba.nacos.client.naming - Create naming rpc client for uuid->4df45556-c56f-46f0-af1d-41ba2547d9e1
2026-01-21 11:05:17.710 INFO  [main] com.alibaba.nacos.common.remote.client - [4df45556-c56f-46f0-af1d-41ba2547d9e1] RpcClient init, ServerListFactory = com.alibaba.nacos.client.naming.core.ServerListManager
2026-01-21 11:05:17.710 INFO  [main] com.alibaba.nacos.common.remote.client - [4df45556-c56f-46f0-af1d-41ba2547d9e1] Registry connection listener to current client:com.alibaba.nacos.client.naming.remote.gprc.redo.NamingGrpcRedoService
2026-01-21 11:05:17.711 INFO  [main] com.alibaba.nacos.common.remote.client - [4df45556-c56f-46f0-af1d-41ba2547d9e1] Register server push request handler:com.alibaba.nacos.client.naming.remote.gprc.NamingPushRequestHandler
2026-01-21 11:05:17.711 INFO  [main] com.alibaba.nacos.common.remote.client - [4df45556-c56f-46f0-af1d-41ba2547d9e1] Try to connect to server on start up, server: {serverIp = '127.0.0.1', server main port = 8848}
2026-01-21 11:05:17.711 INFO  [main] c.a.nacos.common.remote.client.grpc.GrpcClient - grpc client connection server:127.0.0.1 ip,serverPort:9848,grpcTslConfig:{"sslProvider":"","enableTls":false,"mutualAuthEnable":false,"trustAll":false}
2026-01-21 11:05:17.835 INFO  [main] com.alibaba.nacos.common.remote.client - [4df45556-c56f-46f0-af1d-41ba2547d9e1] Success to connect to server [127.0.0.1:8848] on start up, connectionId = 1768964717889_172.19.0.1_47338
2026-01-21 11:05:17.835 INFO  [main] com.alibaba.nacos.common.remote.client - [4df45556-c56f-46f0-af1d-41ba2547d9e1] Register server push request handler:com.alibaba.nacos.common.remote.client.RpcClient$ConnectResetRequestHandler
2026-01-21 11:05:17.835 INFO  [main] com.alibaba.nacos.common.remote.client - [4df45556-c56f-46f0-af1d-41ba2547d9e1] Register server push request handler:com.alibaba.nacos.common.remote.client.RpcClient$$Lambda/0x00000193b24fe0a8
2026-01-21 11:05:17.835 INFO  [com.alibaba.nacos.client.remote.worker.0] com.alibaba.nacos.common.remote.client - [4df45556-c56f-46f0-af1d-41ba2547d9e1] Notify connected event to listeners.
2026-01-21 11:05:17.835 INFO  [com.alibaba.nacos.client.remote.worker.0] com.alibaba.nacos.client.naming - Grpc connection connect
2026-01-21 11:05:17.836 INFO  [main] com.alibaba.nacos.client.naming - [REGISTER-SERVICE] public registering service Coo-auth with instance Instance{instanceId='null', ip='172.25.112.1', port=8081, weight=1.0, healthy=true, enabled=true, ephemeral=true, clusterName='', serviceName='null', metadata={IPv6=null, preserved.register.source=SPRING_CLOUD}}
2026-01-21 11:05:17.846 INFO  [main] c.a.cloud.nacos.registry.NacosServiceRegistry - nacos registry, DEFAULT_GROUP Coo-auth 172.25.112.1:8081 register finished
2026-01-21 11:05:17.859 INFO  [main] org.foreverempty.cooauth.CooAuthApplication - Started CooAuthApplication in 2.762 seconds (process running for 3.263)
2026-01-21 11:05:17.863 INFO  [main] com.alibaba.nacos.client.config.impl.CacheData - config listener notify warn timeout millis use default 60000 millis 
2026-01-21 11:05:17.863 INFO  [main] com.alibaba.nacos.client.config.impl.CacheData - nacos.cache.data.init.snapshot = true 
2026-01-21 11:05:17.864 INFO  [main] com.alibaba.nacos.client.config.impl.ClientWorker - [fixed-127.0.0.1_8848] [subscribe] Coo-auth.yaml+DEFAULT_GROUP
2026-01-21 11:05:17.869 INFO  [main] com.alibaba.nacos.client.config.impl.CacheData - [fixed-127.0.0.1_8848] [add-listener] ok, tenant=, dataId=Coo-auth.yaml, group=DEFAULT_GROUP, cnt=1
2026-01-21 11:05:17.869 INFO  [main] c.a.cloud.nacos.refresh.NacosContextRefresher - [Nacos Config] Listening config: dataId=Coo-auth.yaml, group=DEFAULT_GROUP
2026-01-21 11:05:17.869 INFO  [main] com.alibaba.nacos.client.config.impl.ClientWorker - [fixed-127.0.0.1_8848] [subscribe] Coo-auth+DEFAULT_GROUP
2026-01-21 11:05:17.869 INFO  [main] com.alibaba.nacos.client.config.impl.CacheData - [fixed-127.0.0.1_8848] [add-listener] ok, tenant=, dataId=Coo-auth, group=DEFAULT_GROUP, cnt=1
2026-01-21 11:05:17.869 INFO  [main] c.a.cloud.nacos.refresh.NacosContextRefresher - [Nacos Config] Listening config: dataId=Coo-auth, group=DEFAULT_GROUP
2026-01-21 11:05:26.505 INFO  [tomcat-handler-0] o.a.c.core.ContainerBase.[Tomcat].[localhost].[/] - Initializing Spring DispatcherServlet 'dispatcherServlet'
2026-01-21 11:05:26.505 INFO  [tomcat-handler-0] org.springframework.web.servlet.DispatcherServlet - Initializing Servlet 'dispatcherServlet'
2026-01-21 11:05:26.506 INFO  [tomcat-handler-0] org.springframework.web.servlet.DispatcherServlet - Completed initialization in 0 ms
2026-01-21 11:05:26.601 INFO  [tomcat-handler-0] com.zaxxer.hikari.HikariDataSource - HikariPool-1 - Starting...
2026-01-21 11:05:26.845 INFO  [tomcat-handler-0] com.zaxxer.hikari.pool.HikariPool - HikariPool-1 - Added connection com.mysql.cj.jdbc.ConnectionImpl@271daf26
2026-01-21 11:05:26.846 INFO  [tomcat-handler-0] com.zaxxer.hikari.HikariDataSource - HikariPool-1 - Start completed.
2026-01-21 13:30:52.398 WARN  [HikariPool-1:housekeeper] com.zaxxer.hikari.pool.HikariPool - HikariPool-1 - Thread starvation or clock leap detected (housekeeper delta=1h28m54s664ms933µs400ns).
2026-01-21 14:58:22.699 WARN  [Thread-3] c.alibaba.nacos.common.http.HttpClientBeanHolder - [HttpClientBeanHolder] Start destroying common HttpClient
2026-01-21 14:58:22.699 WARN  [Thread-5] com.alibaba.nacos.common.notify.NotifyCenter - [NotifyCenter] Start destroying Publisher
2026-01-21 14:58:22.702 WARN  [Thread-5] com.alibaba.nacos.common.notify.NotifyCenter - [NotifyCenter] Destruction of the end
2026-01-21 14:58:22.705 WARN  [Thread-3] c.alibaba.nacos.common.http.HttpClientBeanHolder - [HttpClientBeanHolder] Destruction of the end
2026-01-21 14:58:22.702 WARN  [Thread-5] com.alibaba.nacos.common.notify.NotifyCenter - [NotifyCenter] Start destroying Publisher
2026-01-21 14:58:22.702 WARN  [Thread-3] c.alibaba.nacos.common.http.HttpClientBeanHolder - [HttpClientBeanHolder] Start destroying common HttpClient
2026-01-21 14:58:22.709 WARN  [Thread-5] com.alibaba.nacos.common.notify.NotifyCenter - [NotifyCenter] Destruction of the end
2026-01-21 14:58:22.712 WARN  [Thread-3] c.alibaba.nacos.common.http.HttpClientBeanHolder - [HttpClientBeanHolder] Destruction of the end
2026-01-21 14:58:22.731 INFO  [SpringApplicationShutdownHook] o.s.boot.web.embedded.tomcat.GracefulShutdown - Commencing graceful shutdown. Waiting for active requests to complete
2026-01-21 14:58:22.735 INFO  [SpringApplicationShutdownHook] o.s.boot.web.embedded.tomcat.GracefulShutdown - Commencing graceful shutdown. Waiting for active requests to complete
2026-01-21 14:58:22.742 INFO  [tomcat-shutdown] o.s.boot.web.embedded.tomcat.GracefulShutdown - Graceful shutdown complete
2026-01-21 14:58:22.752 INFO  [tomcat-shutdown] o.s.boot.web.embedded.tomcat.GracefulShutdown - Graceful shutdown complete
2026-01-21 14:58:22.755 INFO  [SpringApplicationShutdownHook] c.a.cloud.nacos.registry.NacosServiceRegistry - De-registering from Nacos Server now...
2026-01-21 14:58:22.755 INFO  [SpringApplicationShutdownHook] com.alibaba.nacos.client.naming - [DEREGISTER-SERVICE] public deregistering service Coo-auth with instance: Instance{instanceId='null', ip='172.25.112.1', port=8081, weight=1.0, healthy=true, enabled=true, ephemeral=true, clusterName='', serviceName='null', metadata={}}
2026-01-21 14:58:22.764 INFO  [SpringApplicationShutdownHook] c.a.cloud.nacos.registry.NacosServiceRegistry - De-registering from Nacos Server now...
2026-01-21 14:58:22.765 INFO  [SpringApplicationShutdownHook] com.alibaba.nacos.client.naming - [DEREGISTER-SERVICE] public deregistering service Coo-file with instance: Instance{instanceId='null', ip='172.25.112.1', port=8082, weight=1.0, healthy=true, enabled=true, ephemeral=true, clusterName='', serviceName='null', metadata={}}
2026-01-21 14:58:22.773 INFO  [SpringApplicationShutdownHook] c.a.cloud.nacos.registry.NacosServiceRegistry - De-registration finished.
2026-01-21 14:58:22.773 INFO  [SpringApplicationShutdownHook] com.alibaba.nacos.client.naming - com.alibaba.nacos.client.naming.cache.ServiceInfoHolder do shutdown begin
2026-01-21 14:58:22.773 INFO  [SpringApplicationShutdownHook] com.alibaba.nacos.client.naming - com.alibaba.nacos.client.naming.backups.FailoverReactor do shutdown begin
2026-01-21 14:58:22.774 INFO  [SpringApplicationShutdownHook] com.alibaba.nacos.client.naming - com.alibaba.nacos.client.naming.backups.FailoverReactor do shutdown stop
2026-01-21 14:58:22.774 INFO  [SpringApplicationShutdownHook] com.alibaba.nacos.client.naming - com.alibaba.nacos.client.naming.cache.ServiceInfoHolder do shutdown stop
2026-01-21 14:58:22.774 INFO  [SpringApplicationShutdownHook] com.alibaba.nacos.client.naming - com.alibaba.nacos.client.naming.remote.NamingClientProxyDelegate do shutdown begin
2026-01-21 14:58:22.774 INFO  [SpringApplicationShutdownHook] com.alibaba.nacos.client.naming - com.alibaba.nacos.client.naming.core.ServiceInfoUpdateService do shutdown begin
2026-01-21 14:58:22.774 INFO  [SpringApplicationShutdownHook] com.alibaba.nacos.client.naming - com.alibaba.nacos.client.naming.core.ServiceInfoUpdateService do shutdown stop
2026-01-21 14:58:22.774 INFO  [SpringApplicationShutdownHook] com.alibaba.nacos.client.naming - com.alibaba.nacos.client.naming.core.ServerListManager do shutdown begin
2026-01-21 14:58:22.774 WARN  [SpringApplicationShutdownHook] com.alibaba.nacos.client.naming - [NamingHttpClientManager] Start destroying NacosRestTemplate
2026-01-21 14:58:22.774 WARN  [SpringApplicationShutdownHook] com.alibaba.nacos.client.naming - [NamingHttpClientManager] Destruction of the end
2026-01-21 14:58:22.774 INFO  [SpringApplicationShutdownHook] com.alibaba.nacos.client.naming - com.alibaba.nacos.client.naming.core.ServerListManager do shutdown stop
2026-01-21 14:58:22.774 INFO  [SpringApplicationShutdownHook] com.alibaba.nacos.client.naming - com.alibaba.nacos.client.naming.remote.http.NamingHttpClientProxy do shutdown begin
2026-01-21 14:58:22.774 WARN  [SpringApplicationShutdownHook] com.alibaba.nacos.client.naming - [NamingHttpClientManager] Start destroying NacosRestTemplate
2026-01-21 14:58:22.774 WARN  [SpringApplicationShutdownHook] com.alibaba.nacos.client.naming - [NamingHttpClientManager] Destruction of the end
2026-01-21 14:58:22.774 INFO  [SpringApplicationShutdownHook] com.alibaba.nacos.client.naming - com.alibaba.nacos.client.naming.remote.http.NamingHttpClientProxy do shutdown stop
2026-01-21 14:58:22.774 INFO  [SpringApplicationShutdownHook] com.alibaba.nacos.client.naming - Shutdown naming grpc client proxy for  uuid->4df45556-c56f-46f0-af1d-41ba2547d9e1
2026-01-21 14:58:22.775 INFO  [SpringApplicationShutdownHook] com.alibaba.nacos.client.naming - Shutdown grpc redo service executor java.util.concurrent.ScheduledThreadPoolExecutor@2e1ad7de[Running, pool size = 1, active threads = 0, queued tasks = 1, completed tasks = 2875]
2026-01-21 14:58:22.775 INFO  [SpringApplicationShutdownHook] com.alibaba.nacos.common.remote.client - Shutdown rpc client, set status to shutdown
2026-01-21 14:58:22.775 INFO  [SpringApplicationShutdownHook] com.alibaba.nacos.common.remote.client - Shutdown client event executor java.util.concurrent.ScheduledThreadPoolExecutor@61becbcf[Running, pool size = 2, active threads = 2, queued tasks = 0, completed tasks = 0]
2026-01-21 14:58:22.775 INFO  [SpringApplicationShutdownHook] com.alibaba.nacos.common.remote.client - Close current connection 1768964717889_172.19.0.1_47338
2026-01-21 14:58:22.779 INFO  [nacos-grpc-client-executor-127.0.0.1-1668] c.a.nacos.common.remote.client.grpc.GrpcClient - [1768964717889_172.19.0.1_47338]Ignore complete event,isRunning:false,isAbandon=false
2026-01-21 14:58:22.780 INFO  [SpringApplicationShutdownHook] c.a.cloud.nacos.registry.NacosServiceRegistry - De-registration finished.
2026-01-21 14:58:22.781 INFO  [SpringApplicationShutdownHook] com.alibaba.nacos.client.naming - com.alibaba.nacos.client.naming.cache.ServiceInfoHolder do shutdown begin
2026-01-21 14:58:22.781 INFO  [SpringApplicationShutdownHook] com.alibaba.nacos.client.naming - com.alibaba.nacos.client.naming.backups.FailoverReactor do shutdown begin
2026-01-21 14:58:22.782 INFO  [SpringApplicationShutdownHook] com.alibaba.nacos.client.naming - com.alibaba.nacos.client.naming.backups.FailoverReactor do shutdown stop
2026-01-21 14:58:22.782 INFO  [SpringApplicationShutdownHook] com.alibaba.nacos.client.naming - com.alibaba.nacos.client.naming.cache.ServiceInfoHolder do shutdown stop
2026-01-21 14:58:22.782 INFO  [SpringApplicationShutdownHook] com.alibaba.nacos.client.naming - com.alibaba.nacos.client.naming.remote.NamingClientProxyDelegate do shutdown begin
2026-01-21 14:58:22.782 INFO  [SpringApplicationShutdownHook] com.alibaba.nacos.client.naming - com.alibaba.nacos.client.naming.core.ServiceInfoUpdateService do shutdown begin
2026-01-21 14:58:22.783 INFO  [SpringApplicationShutdownHook] com.alibaba.nacos.client.naming - com.alibaba.nacos.client.naming.core.ServiceInfoUpdateService do shutdown stop
2026-01-21 14:58:22.783 INFO  [SpringApplicationShutdownHook] com.alibaba.nacos.client.naming - com.alibaba.nacos.client.naming.core.ServerListManager do shutdown begin
2026-01-21 14:58:22.783 WARN  [SpringApplicationShutdownHook] com.alibaba.nacos.client.naming - [NamingHttpClientManager] Start destroying NacosRestTemplate
2026-01-21 14:58:22.783 WARN  [SpringApplicationShutdownHook] com.alibaba.nacos.client.naming - [NamingHttpClientManager] Destruction of the end
2026-01-21 14:58:22.783 INFO  [SpringApplicationShutdownHook] com.alibaba.nacos.client.naming - com.alibaba.nacos.client.naming.core.ServerListManager do shutdown stop
2026-01-21 14:58:22.783 INFO  [SpringApplicationShutdownHook] com.alibaba.nacos.client.naming - com.alibaba.nacos.client.naming.remote.http.NamingHttpClientProxy do shutdown begin
2026-01-21 14:58:22.784 WARN  [SpringApplicationShutdownHook] com.alibaba.nacos.client.naming - [NamingHttpClientManager] Start destroying NacosRestTemplate
2026-01-21 14:58:22.784 WARN  [SpringApplicationShutdownHook] com.alibaba.nacos.client.naming - [NamingHttpClientManager] Destruction of the end
2026-01-21 14:58:22.784 INFO  [SpringApplicationShutdownHook] com.alibaba.nacos.client.naming - com.alibaba.nacos.client.naming.remote.http.NamingHttpClientProxy do shutdown stop
2026-01-21 14:58:22.784 INFO  [SpringApplicationShutdownHook] com.alibaba.nacos.client.naming - Shutdown naming grpc client proxy for  uuid->3f9a22ef-f576-4a42-bbd8-9cf50bf7c3f8
2026-01-21 14:58:22.784 INFO  [SpringApplicationShutdownHook] com.alibaba.nacos.client.naming - Shutdown grpc redo service executor java.util.concurrent.ScheduledThreadPoolExecutor@6f9a3325[Running, pool size = 1, active threads = 0, queued tasks = 1, completed tasks = 2877]
2026-01-21 14:58:22.785 INFO  [SpringApplicationShutdownHook] com.alibaba.nacos.common.remote.client - Shutdown rpc client, set status to shutdown
2026-01-21 14:58:22.785 INFO  [SpringApplicationShutdownHook] com.alibaba.nacos.common.remote.client - Shutdown client event executor java.util.concurrent.ScheduledThreadPoolExecutor@31183ee2[Running, pool size = 2, active threads = 2, queued tasks = 0, completed tasks = 0]
2026-01-21 14:58:22.785 INFO  [SpringApplicationShutdownHook] com.alibaba.nacos.common.remote.client - Close current connection 1768964714609_172.19.0.1_44094
2026-01-21 14:58:22.788 INFO  [nacos-grpc-client-executor-127.0.0.1-1661] c.a.nacos.common.remote.client.grpc.GrpcClient - [1768964714609_172.19.0.1_44094]Ignore complete event,isRunning:false,isAbandon=false
2026-01-21 14:58:22.788 INFO  [SpringApplicationShutdownHook] c.a.nacos.common.remote.client.grpc.GrpcClient - Shutdown grpc executor java.util.concurrent.ThreadPoolExecutor@6a07e6ca[Running, pool size = 4, active threads = 0, queued tasks = 0, completed tasks = 1669]
2026-01-21 14:58:22.789 INFO  [SpringApplicationShutdownHook] com.alibaba.nacos.client.naming - shutdown and remove naming rpc client  for uuid ->4df45556-c56f-46f0-af1d-41ba2547d9e1
2026-01-21 14:58:22.789 INFO  [SpringApplicationShutdownHook] c.a.n.client.auth.ram.identify.CredentialWatcher - [null] CredentialWatcher is stopped
2026-01-21 14:58:22.789 INFO  [SpringApplicationShutdownHook] c.a.n.client.auth.ram.identify.CredentialService - [null] CredentialService is freed
2026-01-21 14:58:22.789 INFO  [SpringApplicationShutdownHook] com.alibaba.nacos.client.naming - com.alibaba.nacos.client.naming.remote.NamingClientProxyDelegate do shutdown stop
2026-01-21 14:58:22.791 INFO  [SpringApplicationShutdownHook] com.zaxxer.hikari.HikariDataSource - HikariPool-1 - Shutdown initiated...
2026-01-21 14:58:22.797 INFO  [SpringApplicationShutdownHook] com.zaxxer.hikari.HikariDataSource - HikariPool-1 - Shutdown completed.
2026-01-21 14:58:22.797 INFO  [SpringApplicationShutdownHook] c.a.nacos.common.remote.client.grpc.GrpcClient - Shutdown grpc executor java.util.concurrent.ThreadPoolExecutor@26679788[Running, pool size = 4, active threads = 0, queued tasks = 0, completed tasks = 1662]
2026-01-21 14:58:22.798 INFO  [SpringApplicationShutdownHook] com.alibaba.nacos.client.naming - shutdown and remove naming rpc client  for uuid ->3f9a22ef-f576-4a42-bbd8-9cf50bf7c3f8
2026-01-21 14:58:22.798 INFO  [SpringApplicationShutdownHook] c.a.n.client.auth.ram.identify.CredentialWatcher - [null] CredentialWatcher is stopped
2026-01-21 14:58:22.798 INFO  [SpringApplicationShutdownHook] c.a.n.client.auth.ram.identify.CredentialService - [null] CredentialService is freed
2026-01-21 14:58:22.799 INFO  [SpringApplicationShutdownHook] com.alibaba.nacos.client.naming - com.alibaba.nacos.client.naming.remote.NamingClientProxyDelegate do shutdown stop
2026-01-21 14:58:25.234 INFO  [main] com.alibaba.nacos.client.utils.ParamUtil - [settings] [req-serv] nacos-server port:8848
2026-01-21 14:58:25.235 INFO  [main] com.alibaba.nacos.client.utils.ParamUtil - [settings] [http-client] connect timeout:1000
2026-01-21 14:58:25.236 INFO  [main] com.alibaba.nacos.client.utils.ParamUtil - PER_TASK_CONFIG_SIZE: 3000.0
2026-01-21 14:58:25.237 INFO  [Thread-2] c.a.n.client.auth.ram.identify.CredentialWatcher - null No credential found
2026-01-21 14:58:25.252 INFO  [main] com.alibaba.nacos.common.labels - DefaultLabelsCollectorManager get labels.....
2026-01-21 14:58:25.252 INFO  [main] com.alibaba.nacos.common.labels - Process LabelsCollector with [name:defaultNacosLabelsCollector]
2026-01-21 14:58:25.252 INFO  [main] com.alibaba.nacos.common.labels - default nacos collect properties raw labels: null
2026-01-21 14:58:25.252 INFO  [main] com.alibaba.nacos.common.labels - default nacos collect properties labels: {}
2026-01-21 14:58:25.252 INFO  [main] com.alibaba.nacos.common.labels - default nacos collect jvm raw labels: null
2026-01-21 14:58:25.252 INFO  [main] com.alibaba.nacos.common.labels - default nacos collect jvm labels: {}
2026-01-21 14:58:25.253 INFO  [main] com.alibaba.nacos.common.labels - default nacos collect env raw labels: null
2026-01-21 14:58:25.253 INFO  [main] com.alibaba.nacos.common.labels - default nacos collect env labels: {}
2026-01-21 14:58:25.253 INFO  [main] com.alibaba.nacos.common.labels - DefaultLabelsCollectorManager get labels finished,labels :{}
2026-01-21 14:58:25.258 INFO  [main] c.a.n.p.auth.spi.client.ClientAuthPluginManager - [ClientAuthPluginManager] Load ClientAuthService com.alibaba.nacos.client.auth.impl.NacosClientAuthServiceImpl success.
2026-01-21 14:58:25.258 INFO  [main] c.a.n.p.auth.spi.client.ClientAuthPluginManager - [ClientAuthPluginManager] Load ClientAuthService com.alibaba.nacos.client.auth.ram.RamClientAuthServiceImpl success.
2026-01-21 14:58:25.262 INFO  [main] c.a.n.client.config.impl.LocalConfigInfoProcessor - LOCAL_SNAPSHOT_PATH:C:\Users\ForeverEmpty\nacos\config
2026-01-21 14:58:25.265 INFO  [main] com.alibaba.nacos.common.remote.client - [RpcClientFactory] create a new rpc client of 36de87ed-dad6-4b9c-8da3-380092b59f24_config-0
2026-01-21 14:58:25.281 INFO  [main] com.alibaba.nacos.common.remote.client - [36de87ed-dad6-4b9c-8da3-380092b59f24_config-0] Register server push request handler:com.alibaba.nacos.client.config.impl.ClientWorker$ConfigRpcTransportClient$$Lambda/0x000001ae2f3a9488
2026-01-21 14:58:25.281 INFO  [main] com.alibaba.nacos.common.remote.client - [36de87ed-dad6-4b9c-8da3-380092b59f24_config-0] Register server push request handler:com.alibaba.nacos.client.config.impl.ClientWorker$ConfigRpcTransportClient$$Lambda/0x000001ae2f3a9898
2026-01-21 14:58:25.281 INFO  [main] com.alibaba.nacos.common.remote.client - [36de87ed-dad6-4b9c-8da3-380092b59f24_config-0] Registry connection listener to current client:com.alibaba.nacos.client.config.impl.ClientWorker$ConfigRpcTransportClient$1
2026-01-21 14:58:25.282 INFO  [main] com.alibaba.nacos.common.remote.client - [36de87ed-dad6-4b9c-8da3-380092b59f24_config-0] RpcClient init, ServerListFactory = com.alibaba.nacos.client.config.impl.ClientWorker$ConfigRpcTransportClient$2
2026-01-21 14:58:25.286 INFO  [main] com.alibaba.nacos.common.remote.client - [36de87ed-dad6-4b9c-8da3-380092b59f24_config-0] Try to connect to server on start up, server: {serverIp = '127.0.0.1', server main port = 8848}
2026-01-21 14:58:25.312 INFO  [main] c.a.nacos.common.remote.client.grpc.GrpcClient - grpc client connection server:127.0.0.1 ip,serverPort:9848,grpcTslConfig:{"sslProvider":"","enableTls":false,"mutualAuthEnable":false,"trustAll":false}
2026-01-21 14:58:25.844 INFO  [main] c.a.n.common.ability.AbstractAbilityControlManager - Ready to get current node abilities...
2026-01-21 14:58:25.845 INFO  [main] c.a.n.common.ability.AbstractAbilityControlManager - Ready to initialize current node abilities, support modes: [SDK_CLIENT]
2026-01-21 14:58:25.846 INFO  [main] c.a.n.common.ability.AbstractAbilityControlManager - Initialize current abilities finish...
2026-01-21 14:58:25.846 INFO  [main] c.a.n.c.ability.discover.NacosAbilityManagerHolder - [AbilityControlManager] Successfully initialize AbilityControlManager
2026-01-21 14:58:25.959 INFO  [main] com.alibaba.nacos.common.remote.client - [36de87ed-dad6-4b9c-8da3-380092b59f24_config-0] Success to connect to server [127.0.0.1:8848] on start up, connectionId = 1768978706319_172.19.0.1_48904
2026-01-21 14:58:25.959 INFO  [com.alibaba.nacos.client.remote.worker.0] com.alibaba.nacos.common.remote.client - [36de87ed-dad6-4b9c-8da3-380092b59f24_config-0] Notify connected event to listeners.
2026-01-21 14:58:25.959 INFO  [com.alibaba.nacos.client.remote.worker.0] com.alibaba.nacos.client.config.impl.ClientWorker - [36de87ed-dad6-4b9c-8da3-380092b59f24_config-0] Connected,notify listen context...
2026-01-21 14:58:25.959 INFO  [main] com.alibaba.nacos.common.remote.client - [36de87ed-dad6-4b9c-8da3-380092b59f24_config-0] Register server push request handler:com.alibaba.nacos.common.remote.client.RpcClient$ConnectResetRequestHandler
2026-01-21 14:58:25.959 INFO  [main] com.alibaba.nacos.common.remote.client - [36de87ed-dad6-4b9c-8da3-380092b59f24_config-0] Register server push request handler:com.alibaba.nacos.common.remote.client.RpcClient$$Lambda/0x000001ae2f4fa220
2026-01-21 14:58:26.004 INFO  [main] com.alibaba.nacos.client.config.impl.Limiter - limitTime:5.0
2026-01-21 14:58:26.021 WARN  [main] c.a.cloud.nacos.client.NacosPropertySourceBuilder - Ignore the empty nacos configuration and get it based on dataId[Coo-file] & group[DEFAULT_GROUP]
2026-01-21 14:58:26.033 INFO  [main] com.alibaba.nacos.client.config.utils.JvmUtil - isMultiInstance:false
2026-01-21 14:58:26.037 INFO  [main] o.s.c.b.c.PropertySourceBootstrapConfiguration - Located property source: [BootstrapPropertySource {name='bootstrapProperties-Coo-file.yaml,DEFAULT_GROUP'}, BootstrapPropertySource {name='bootstrapProperties-Coo-file,DEFAULT_GROUP'}]
2026-01-21 14:58:26.041 INFO  [main] org.foreverempty.coofile.CooFileApplication - No active profile set, falling back to 1 default profile: "default"
2026-01-21 14:58:26.502 INFO  [main] o.springframework.cloud.context.scope.GenericScope - BeanFactory id=02526e6a-6e6e-3f45-bf05-85fb5eed1e98
2026-01-21 14:58:26.691 INFO  [main] o.s.boot.web.embedded.tomcat.TomcatWebServer - Tomcat initialized with port 8082 (http)
2026-01-21 14:58:26.703 INFO  [main] org.apache.coyote.http11.Http11NioProtocol - Initializing ProtocolHandler ["http-nio-8082"]
2026-01-21 14:58:26.704 INFO  [main] org.apache.catalina.core.StandardService - Starting service [Tomcat]
2026-01-21 14:58:26.704 INFO  [main] org.apache.catalina.core.StandardEngine - Starting Servlet engine: [Apache Tomcat/10.1.50]
2026-01-21 14:58:26.750 INFO  [main] o.a.c.core.ContainerBase.[Tomcat].[localhost].[/] - Initializing Spring embedded WebApplicationContext
2026-01-21 14:58:26.750 INFO  [main] o.s.b.w.s.c.ServletWebServerApplicationContext - Root WebApplicationContext: initialization completed in 700 ms
2026-01-21 14:58:27.256 INFO  [main] org.apache.coyote.http11.Http11NioProtocol - Starting ProtocolHandler ["http-nio-8082"]
2026-01-21 14:58:27.263 INFO  [main] o.s.boot.web.embedded.tomcat.TomcatWebServer - Tomcat started on port 8082 (http) with context path '/'
2026-01-21 14:58:27.266 INFO  [main] com.alibaba.nacos.client.naming - initializer namespace from ans.namespace attribute : null
2026-01-21 14:58:27.267 INFO  [main] com.alibaba.nacos.client.naming - initializer namespace from ALIBABA_ALIWARE_NAMESPACE attribute :null
2026-01-21 14:58:27.267 INFO  [main] com.alibaba.nacos.client.naming - initializer namespace from namespace attribute :null
2026-01-21 14:58:27.272 INFO  [main] com.alibaba.nacos.client.naming - FailoverDataSource type is class com.alibaba.nacos.client.naming.backups.datasource.DiskFailoverDataSource
2026-01-21 14:58:27.275 INFO  [main] c.a.n.p.auth.spi.client.ClientAuthPluginManager - [ClientAuthPluginManager] Load ClientAuthService com.alibaba.nacos.client.auth.impl.NacosClientAuthServiceImpl success.
2026-01-21 14:58:27.275 INFO  [main] c.a.n.p.auth.spi.client.ClientAuthPluginManager - [ClientAuthPluginManager] Load ClientAuthService com.alibaba.nacos.client.auth.ram.RamClientAuthServiceImpl success.
2026-01-21 14:58:27.277 INFO  [main] com.alibaba.nacos.common.remote.client - [RpcClientFactory] create a new rpc client of e1da3dcf-d05a-4f78-80e8-0b7a423a359b
2026-01-21 14:58:27.279 INFO  [main] com.alibaba.nacos.client.naming - Create naming rpc client for uuid->e1da3dcf-d05a-4f78-80e8-0b7a423a359b
2026-01-21 14:58:27.279 INFO  [main] com.alibaba.nacos.common.remote.client - [e1da3dcf-d05a-4f78-80e8-0b7a423a359b] RpcClient init, ServerListFactory = com.alibaba.nacos.client.naming.core.ServerListManager
2026-01-21 14:58:27.279 INFO  [main] com.alibaba.nacos.common.remote.client - [e1da3dcf-d05a-4f78-80e8-0b7a423a359b] Registry connection listener to current client:com.alibaba.nacos.client.naming.remote.gprc.redo.NamingGrpcRedoService
2026-01-21 14:58:27.279 INFO  [main] com.alibaba.nacos.common.remote.client - [e1da3dcf-d05a-4f78-80e8-0b7a423a359b] Register server push request handler:com.alibaba.nacos.client.naming.remote.gprc.NamingPushRequestHandler
2026-01-21 14:58:27.279 INFO  [main] com.alibaba.nacos.common.remote.client - [e1da3dcf-d05a-4f78-80e8-0b7a423a359b] Try to connect to server on start up, server: {serverIp = '127.0.0.1', server main port = 8848}
2026-01-21 14:58:27.280 INFO  [main] c.a.nacos.common.remote.client.grpc.GrpcClient - grpc client connection server:127.0.0.1 ip,serverPort:9848,grpcTslConfig:{"sslProvider":"","enableTls":false,"mutualAuthEnable":false,"trustAll":false}
2026-01-21 14:58:27.394 INFO  [main] com.alibaba.nacos.common.remote.client - [e1da3dcf-d05a-4f78-80e8-0b7a423a359b] Success to connect to server [127.0.0.1:8848] on start up, connectionId = 1768978707776_172.19.0.1_48918
2026-01-21 14:58:27.394 INFO  [main] com.alibaba.nacos.common.remote.client - [e1da3dcf-d05a-4f78-80e8-0b7a423a359b] Register server push request handler:com.alibaba.nacos.common.remote.client.RpcClient$ConnectResetRequestHandler
2026-01-21 14:58:27.394 INFO  [com.alibaba.nacos.client.remote.worker.0] com.alibaba.nacos.common.remote.client - [e1da3dcf-d05a-4f78-80e8-0b7a423a359b] Notify connected event to listeners.
2026-01-21 14:58:27.394 INFO  [main] com.alibaba.nacos.common.remote.client - [e1da3dcf-d05a-4f78-80e8-0b7a423a359b] Register server push request handler:com.alibaba.nacos.common.remote.client.RpcClient$$Lambda/0x000001ae2f4fa220
2026-01-21 14:58:27.394 INFO  [com.alibaba.nacos.client.remote.worker.0] com.alibaba.nacos.client.naming - Grpc connection connect
2026-01-21 14:58:27.395 INFO  [main] com.alibaba.nacos.client.naming - [REGISTER-SERVICE] public registering service Coo-file with instance Instance{instanceId='null', ip='172.25.112.1', port=8082, weight=1.0, healthy=true, enabled=true, ephemeral=true, clusterName='', serviceName='null', metadata={IPv6=null, preserved.register.source=SPRING_CLOUD}}
2026-01-21 14:58:27.407 INFO  [main] c.a.cloud.nacos.registry.NacosServiceRegistry - nacos registry, DEFAULT_GROUP Coo-file 172.25.112.1:8082 register finished
2026-01-21 14:58:27.418 INFO  [main] org.foreverempty.coofile.CooFileApplication - Started CooFileApplication in 2.875 seconds (process running for 3.587)
2026-01-21 14:58:27.423 INFO  [main] com.alibaba.nacos.client.config.impl.CacheData - config listener notify warn timeout millis use default 60000 millis 
2026-01-21 14:58:27.423 INFO  [main] com.alibaba.nacos.client.config.impl.CacheData - nacos.cache.data.init.snapshot = true 
2026-01-21 14:58:27.424 INFO  [main] com.alibaba.nacos.client.config.impl.ClientWorker - [fixed-127.0.0.1_8848] [subscribe] Coo-file+DEFAULT_GROUP
2026-01-21 14:58:27.434 INFO  [main] com.alibaba.nacos.client.config.impl.CacheData - [fixed-127.0.0.1_8848] [add-listener] ok, tenant=, dataId=Coo-file, group=DEFAULT_GROUP, cnt=1
2026-01-21 14:58:27.435 INFO  [main] c.a.cloud.nacos.refresh.NacosContextRefresher - [Nacos Config] Listening config: dataId=Coo-file, group=DEFAULT_GROUP
2026-01-21 14:58:27.436 INFO  [main] com.alibaba.nacos.client.config.impl.ClientWorker - [fixed-127.0.0.1_8848] [subscribe] Coo-file.yaml+DEFAULT_GROUP
2026-01-21 14:58:27.437 INFO  [main] com.alibaba.nacos.client.config.impl.CacheData - [fixed-127.0.0.1_8848] [add-listener] ok, tenant=, dataId=Coo-file.yaml, group=DEFAULT_GROUP, cnt=1
2026-01-21 14:58:27.437 INFO  [main] c.a.cloud.nacos.refresh.NacosContextRefresher - [Nacos Config] Listening config: dataId=Coo-file.yaml, group=DEFAULT_GROUP
2026-01-21 14:58:27.546 INFO  [main] com.alibaba.nacos.client.utils.ParamUtil - [settings] [req-serv] nacos-server port:8848
2026-01-21 14:58:27.547 INFO  [main] com.alibaba.nacos.client.utils.ParamUtil - [settings] [http-client] connect timeout:1000
2026-01-21 14:58:27.548 INFO  [Thread-2] c.a.n.client.auth.ram.identify.CredentialWatcher - null No credential found
2026-01-21 14:58:27.548 INFO  [main] com.alibaba.nacos.client.utils.ParamUtil - PER_TASK_CONFIG_SIZE: 3000.0
2026-01-21 14:58:27.560 INFO  [main] com.alibaba.nacos.common.labels - DefaultLabelsCollectorManager get labels.....
2026-01-21 14:58:27.561 INFO  [main] com.alibaba.nacos.common.labels - Process LabelsCollector with [name:defaultNacosLabelsCollector]
2026-01-21 14:58:27.561 INFO  [main] com.alibaba.nacos.common.labels - default nacos collect properties raw labels: null
2026-01-21 14:58:27.561 INFO  [main] com.alibaba.nacos.common.labels - default nacos collect properties labels: {}
2026-01-21 14:58:27.561 INFO  [main] com.alibaba.nacos.common.labels - default nacos collect jvm raw labels: null
2026-01-21 14:58:27.561 INFO  [main] com.alibaba.nacos.common.labels - default nacos collect jvm labels: {}
2026-01-21 14:58:27.561 INFO  [main] com.alibaba.nacos.common.labels - default nacos collect env raw labels: null
2026-01-21 14:58:27.561 INFO  [main] com.alibaba.nacos.common.labels - default nacos collect env labels: {}
2026-01-21 14:58:27.562 INFO  [main] com.alibaba.nacos.common.labels - DefaultLabelsCollectorManager get labels finished,labels :{}
2026-01-21 14:58:27.566 INFO  [main] c.a.n.p.auth.spi.client.ClientAuthPluginManager - [ClientAuthPluginManager] Load ClientAuthService com.alibaba.nacos.client.auth.impl.NacosClientAuthServiceImpl success.
2026-01-21 14:58:27.566 INFO  [main] c.a.n.p.auth.spi.client.ClientAuthPluginManager - [ClientAuthPluginManager] Load ClientAuthService com.alibaba.nacos.client.auth.ram.RamClientAuthServiceImpl success.
2026-01-21 14:58:27.570 INFO  [main] c.a.n.client.config.impl.LocalConfigInfoProcessor - LOCAL_SNAPSHOT_PATH:C:\Users\ForeverEmpty\nacos\config
2026-01-21 14:58:27.574 INFO  [main] com.alibaba.nacos.common.remote.client - [RpcClientFactory] create a new rpc client of 49618eeb-fab3-49b8-8bc9-a45dca4613c4_config-0
2026-01-21 14:58:27.591 INFO  [main] com.alibaba.nacos.common.remote.client - [49618eeb-fab3-49b8-8bc9-a45dca4613c4_config-0] Register server push request handler:com.alibaba.nacos.client.config.impl.ClientWorker$ConfigRpcTransportClient$$Lambda/0x000002c5813b1678
2026-01-21 14:58:27.591 INFO  [main] com.alibaba.nacos.common.remote.client - [49618eeb-fab3-49b8-8bc9-a45dca4613c4_config-0] Register server push request handler:com.alibaba.nacos.client.config.impl.ClientWorker$ConfigRpcTransportClient$$Lambda/0x000002c5813b1a88
2026-01-21 14:58:27.592 INFO  [main] com.alibaba.nacos.common.remote.client - [49618eeb-fab3-49b8-8bc9-a45dca4613c4_config-0] Registry connection listener to current client:com.alibaba.nacos.client.config.impl.ClientWorker$ConfigRpcTransportClient$1
2026-01-21 14:58:27.592 INFO  [main] com.alibaba.nacos.common.remote.client - [49618eeb-fab3-49b8-8bc9-a45dca4613c4_config-0] RpcClient init, ServerListFactory = com.alibaba.nacos.client.config.impl.ClientWorker$ConfigRpcTransportClient$2
2026-01-21 14:58:27.599 INFO  [main] com.alibaba.nacos.common.remote.client - [49618eeb-fab3-49b8-8bc9-a45dca4613c4_config-0] Try to connect to server on start up, server: {serverIp = '127.0.0.1', server main port = 8848}
2026-01-21 14:58:27.634 INFO  [main] c.a.nacos.common.remote.client.grpc.GrpcClient - grpc client connection server:127.0.0.1 ip,serverPort:9848,grpcTslConfig:{"sslProvider":"","enableTls":false,"mutualAuthEnable":false,"trustAll":false}
2026-01-21 14:58:28.101 INFO  [main] c.a.n.common.ability.AbstractAbilityControlManager - Ready to get current node abilities...
2026-01-21 14:58:28.102 INFO  [main] c.a.n.common.ability.AbstractAbilityControlManager - Ready to initialize current node abilities, support modes: [SDK_CLIENT]
2026-01-21 14:58:28.103 INFO  [main] c.a.n.common.ability.AbstractAbilityControlManager - Initialize current abilities finish...
2026-01-21 14:58:28.104 INFO  [main] c.a.n.c.ability.discover.NacosAbilityManagerHolder - [AbilityControlManager] Successfully initialize AbilityControlManager
2026-01-21 14:58:28.212 INFO  [main] com.alibaba.nacos.common.remote.client - [49618eeb-fab3-49b8-8bc9-a45dca4613c4_config-0] Success to connect to server [127.0.0.1:8848] on start up, connectionId = 1768978708482_172.19.0.1_48932
2026-01-21 14:58:28.212 INFO  [com.alibaba.nacos.client.remote.worker.0] com.alibaba.nacos.common.remote.client - [49618eeb-fab3-49b8-8bc9-a45dca4613c4_config-0] Notify connected event to listeners.
2026-01-21 14:58:28.212 INFO  [com.alibaba.nacos.client.remote.worker.0] com.alibaba.nacos.client.config.impl.ClientWorker - [49618eeb-fab3-49b8-8bc9-a45dca4613c4_config-0] Connected,notify listen context...
2026-01-21 14:58:28.213 INFO  [main] com.alibaba.nacos.common.remote.client - [49618eeb-fab3-49b8-8bc9-a45dca4613c4_config-0] Register server push request handler:com.alibaba.nacos.common.remote.client.RpcClient$ConnectResetRequestHandler
2026-01-21 14:58:28.213 INFO  [main] com.alibaba.nacos.common.remote.client - [49618eeb-fab3-49b8-8bc9-a45dca4613c4_config-0] Register server push request handler:com.alibaba.nacos.common.remote.client.RpcClient$$Lambda/0x000002c5814fa6f0
2026-01-21 14:58:28.247 INFO  [main] com.alibaba.nacos.client.config.impl.Limiter - limitTime:5.0
2026-01-21 14:58:28.262 WARN  [main] c.a.cloud.nacos.client.NacosPropertySourceBuilder - Ignore the empty nacos configuration and get it based on dataId[Coo-auth] & group[DEFAULT_GROUP]
2026-01-21 14:58:28.268 INFO  [main] com.alibaba.nacos.client.config.utils.JvmUtil - isMultiInstance:false
2026-01-21 14:58:28.273 INFO  [main] o.s.c.b.c.PropertySourceBootstrapConfiguration - Located property source: [BootstrapPropertySource {name='bootstrapProperties-Coo-auth.yaml,DEFAULT_GROUP'}, BootstrapPropertySource {name='bootstrapProperties-Coo-auth,DEFAULT_GROUP'}]
2026-01-21 14:58:28.277 INFO  [main] org.foreverempty.cooauth.CooAuthApplication - No active profile set, falling back to 1 default profile: "default"
2026-01-21 14:58:28.733 INFO  [main] o.springframework.cloud.context.scope.GenericScope - BeanFactory id=83629fd3-dd79-3440-bc1f-1c5e3c076c06
2026-01-21 14:58:28.906 INFO  [main] o.s.boot.web.embedded.tomcat.TomcatWebServer - Tomcat initialized with port 8081 (http)
2026-01-21 14:58:28.915 INFO  [main] org.apache.coyote.http11.Http11NioProtocol - Initializing ProtocolHandler ["http-nio-8081"]
2026-01-21 14:58:28.916 INFO  [main] org.apache.catalina.core.StandardService - Starting service [Tomcat]
2026-01-21 14:58:28.916 INFO  [main] org.apache.catalina.core.StandardEngine - Starting Servlet engine: [Apache Tomcat/10.1.50]
2026-01-21 14:58:28.951 INFO  [main] o.a.c.core.ContainerBase.[Tomcat].[localhost].[/] - Initializing Spring embedded WebApplicationContext
2026-01-21 14:58:28.951 INFO  [main] o.s.b.w.s.c.ServletWebServerApplicationContext - Root WebApplicationContext: initialization completed in 656 ms
2026-01-21 14:58:29.445 INFO  [main] org.apache.coyote.http11.Http11NioProtocol - Starting ProtocolHandler ["http-nio-8081"]
2026-01-21 14:58:29.451 INFO  [main] o.s.boot.web.embedded.tomcat.TomcatWebServer - Tomcat started on port 8081 (http) with context path '/'
2026-01-21 14:58:29.454 INFO  [main] com.alibaba.nacos.client.naming - initializer namespace from ans.namespace attribute : null
2026-01-21 14:58:29.455 INFO  [main] com.alibaba.nacos.client.naming - initializer namespace from ALIBABA_ALIWARE_NAMESPACE attribute :null
2026-01-21 14:58:29.455 INFO  [main] com.alibaba.nacos.client.naming - initializer namespace from namespace attribute :null
2026-01-21 14:58:29.460 INFO  [main] com.alibaba.nacos.client.naming - FailoverDataSource type is class com.alibaba.nacos.client.naming.backups.datasource.DiskFailoverDataSource
2026-01-21 14:58:29.463 INFO  [main] c.a.n.p.auth.spi.client.ClientAuthPluginManager - [ClientAuthPluginManager] Load ClientAuthService com.alibaba.nacos.client.auth.impl.NacosClientAuthServiceImpl success.
2026-01-21 14:58:29.463 INFO  [main] c.a.n.p.auth.spi.client.ClientAuthPluginManager - [ClientAuthPluginManager] Load ClientAuthService com.alibaba.nacos.client.auth.ram.RamClientAuthServiceImpl success.
2026-01-21 14:58:29.465 INFO  [main] com.alibaba.nacos.common.remote.client - [RpcClientFactory] create a new rpc client of abcd9c34-0077-47ee-a046-122804481945
2026-01-21 14:58:29.467 INFO  [main] com.alibaba.nacos.client.naming - Create naming rpc client for uuid->abcd9c34-0077-47ee-a046-122804481945
2026-01-21 14:58:29.467 INFO  [main] com.alibaba.nacos.common.remote.client - [abcd9c34-0077-47ee-a046-122804481945] RpcClient init, ServerListFactory = com.alibaba.nacos.client.naming.core.ServerListManager
2026-01-21 14:58:29.467 INFO  [main] com.alibaba.nacos.common.remote.client - [abcd9c34-0077-47ee-a046-122804481945] Registry connection listener to current client:com.alibaba.nacos.client.naming.remote.gprc.redo.NamingGrpcRedoService
2026-01-21 14:58:29.467 INFO  [main] com.alibaba.nacos.common.remote.client - [abcd9c34-0077-47ee-a046-122804481945] Register server push request handler:com.alibaba.nacos.client.naming.remote.gprc.NamingPushRequestHandler
2026-01-21 14:58:29.467 INFO  [main] com.alibaba.nacos.common.remote.client - [abcd9c34-0077-47ee-a046-122804481945] Try to connect to server on start up, server: {serverIp = '127.0.0.1', server main port = 8848}
2026-01-21 14:58:29.467 INFO  [main] c.a.nacos.common.remote.client.grpc.GrpcClient - grpc client connection server:127.0.0.1 ip,serverPort:9848,grpcTslConfig:{"sslProvider":"","enableTls":false,"mutualAuthEnable":false,"trustAll":false}
2026-01-21 14:58:29.591 INFO  [main] com.alibaba.nacos.common.remote.client - [abcd9c34-0077-47ee-a046-122804481945] Success to connect to server [127.0.0.1:8848] on start up, connectionId = 1768978709877_172.19.0.1_48944
2026-01-21 14:58:29.591 INFO  [main] com.alibaba.nacos.common.remote.client - [abcd9c34-0077-47ee-a046-122804481945] Register server push request handler:com.alibaba.nacos.common.remote.client.RpcClient$ConnectResetRequestHandler
2026-01-21 14:58:29.591 INFO  [com.alibaba.nacos.client.remote.worker.0] com.alibaba.nacos.common.remote.client - [abcd9c34-0077-47ee-a046-122804481945] Notify connected event to listeners.
2026-01-21 14:58:29.591 INFO  [main] com.alibaba.nacos.common.remote.client - [abcd9c34-0077-47ee-a046-122804481945] Register server push request handler:com.alibaba.nacos.common.remote.client.RpcClient$$Lambda/0x000002c5814fa6f0
2026-01-21 14:58:29.591 INFO  [com.alibaba.nacos.client.remote.worker.0] com.alibaba.nacos.client.naming - Grpc connection connect
2026-01-21 14:58:29.592 INFO  [main] com.alibaba.nacos.client.naming - [REGISTER-SERVICE] public registering service Coo-auth with instance Instance{instanceId='null', ip='172.25.112.1', port=8081, weight=1.0, healthy=true, enabled=true, ephemeral=true, clusterName='', serviceName='null', metadata={IPv6=null, preserved.register.source=SPRING_CLOUD}}
2026-01-21 14:58:29.604 INFO  [main] c.a.cloud.nacos.registry.NacosServiceRegistry - nacos registry, DEFAULT_GROUP Coo-auth 172.25.112.1:8081 register finished
2026-01-21 14:58:29.620 INFO  [main] org.foreverempty.cooauth.CooAuthApplication - Started CooAuthApplication in 2.859 seconds (process running for 3.391)
2026-01-21 14:58:29.624 INFO  [main] com.alibaba.nacos.client.config.impl.CacheData - config listener notify warn timeout millis use default 60000 millis 
2026-01-21 14:58:29.624 INFO  [main] com.alibaba.nacos.client.config.impl.CacheData - nacos.cache.data.init.snapshot = true 
2026-01-21 14:58:29.625 INFO  [main] com.alibaba.nacos.client.config.impl.ClientWorker - [fixed-127.0.0.1_8848] [subscribe] Coo-auth.yaml+DEFAULT_GROUP
2026-01-21 14:58:29.631 INFO  [main] com.alibaba.nacos.client.config.impl.CacheData - [fixed-127.0.0.1_8848] [add-listener] ok, tenant=, dataId=Coo-auth.yaml, group=DEFAULT_GROUP, cnt=1
2026-01-21 14:58:29.631 INFO  [main] c.a.cloud.nacos.refresh.NacosContextRefresher - [Nacos Config] Listening config: dataId=Coo-auth.yaml, group=DEFAULT_GROUP
2026-01-21 14:58:29.632 INFO  [main] com.alibaba.nacos.client.config.impl.ClientWorker - [fixed-127.0.0.1_8848] [subscribe] Coo-auth+DEFAULT_GROUP
2026-01-21 14:58:29.632 INFO  [main] com.alibaba.nacos.client.config.impl.CacheData - [fixed-127.0.0.1_8848] [add-listener] ok, tenant=, dataId=Coo-auth, group=DEFAULT_GROUP, cnt=1
2026-01-21 14:58:29.632 INFO  [main] c.a.cloud.nacos.refresh.NacosContextRefresher - [Nacos Config] Listening config: dataId=Coo-auth, group=DEFAULT_GROUP
2026-01-21 16:55:40.280 WARN  [Thread-3] c.alibaba.nacos.common.http.HttpClientBeanHolder - [HttpClientBeanHolder] Start destroying common HttpClient
2026-01-21 16:55:40.281 WARN  [Thread-5] com.alibaba.nacos.common.notify.NotifyCenter - [NotifyCenter] Start destroying Publisher
2026-01-21 16:55:40.286 WARN  [Thread-5] com.alibaba.nacos.common.notify.NotifyCenter - [NotifyCenter] Destruction of the end
2026-01-21 16:55:40.290 WARN  [Thread-3] c.alibaba.nacos.common.http.HttpClientBeanHolder - [HttpClientBeanHolder] Destruction of the end
2026-01-21 16:55:40.287 WARN  [Thread-3] c.alibaba.nacos.common.http.HttpClientBeanHolder - [HttpClientBeanHolder] Start destroying common HttpClient
2026-01-21 16:55:40.287 WARN  [Thread-5] com.alibaba.nacos.common.notify.NotifyCenter - [NotifyCenter] Start destroying Publisher
2026-01-21 16:55:40.294 WARN  [Thread-5] com.alibaba.nacos.common.notify.NotifyCenter - [NotifyCenter] Destruction of the end
2026-01-21 16:55:40.296 WARN  [Thread-3] c.alibaba.nacos.common.http.HttpClientBeanHolder - [HttpClientBeanHolder] Destruction of the end
2026-01-21 16:55:40.316 INFO  [SpringApplicationShutdownHook] o.s.boot.web.embedded.tomcat.GracefulShutdown - Commencing graceful shutdown. Waiting for active requests to complete
2026-01-21 16:55:40.328 INFO  [SpringApplicationShutdownHook] o.s.boot.web.embedded.tomcat.GracefulShutdown - Commencing graceful shutdown. Waiting for active requests to complete
2026-01-21 16:55:40.331 INFO  [tomcat-shutdown] o.s.boot.web.embedded.tomcat.GracefulShutdown - Graceful shutdown complete
2026-01-21 16:55:40.341 INFO  [SpringApplicationShutdownHook] c.a.cloud.nacos.registry.NacosServiceRegistry - De-registering from Nacos Server now...
2026-01-21 16:55:40.342 INFO  [SpringApplicationShutdownHook] com.alibaba.nacos.client.naming - [DEREGISTER-SERVICE] public deregistering service Coo-file with instance: Instance{instanceId='null', ip='172.25.112.1', port=8082, weight=1.0, healthy=true, enabled=true, ephemeral=true, clusterName='', serviceName='null', metadata={}}
2026-01-21 16:55:40.343 INFO  [tomcat-shutdown] o.s.boot.web.embedded.tomcat.GracefulShutdown - Graceful shutdown complete
2026-01-21 16:55:40.353 INFO  [SpringApplicationShutdownHook] c.a.cloud.nacos.registry.NacosServiceRegistry - De-registering from Nacos Server now...
2026-01-21 16:55:40.353 INFO  [SpringApplicationShutdownHook] com.alibaba.nacos.client.naming - [DEREGISTER-SERVICE] public deregistering service Coo-auth with instance: Instance{instanceId='null', ip='172.25.112.1', port=8081, weight=1.0, healthy=true, enabled=true, ephemeral=true, clusterName='', serviceName='null', metadata={}}
2026-01-21 16:55:40.365 INFO  [SpringApplicationShutdownHook] c.a.cloud.nacos.registry.NacosServiceRegistry - De-registration finished.
2026-01-21 16:55:40.366 INFO  [SpringApplicationShutdownHook] com.alibaba.nacos.client.naming - com.alibaba.nacos.client.naming.cache.ServiceInfoHolder do shutdown begin
2026-01-21 16:55:40.366 INFO  [SpringApplicationShutdownHook] com.alibaba.nacos.client.naming - com.alibaba.nacos.client.naming.backups.FailoverReactor do shutdown begin
2026-01-21 16:55:40.366 INFO  [SpringApplicationShutdownHook] com.alibaba.nacos.client.naming - com.alibaba.nacos.client.naming.backups.FailoverReactor do shutdown stop
2026-01-21 16:55:40.366 INFO  [SpringApplicationShutdownHook] com.alibaba.nacos.client.naming - com.alibaba.nacos.client.naming.cache.ServiceInfoHolder do shutdown stop
2026-01-21 16:55:40.366 INFO  [SpringApplicationShutdownHook] com.alibaba.nacos.client.naming - com.alibaba.nacos.client.naming.remote.NamingClientProxyDelegate do shutdown begin
2026-01-21 16:55:40.366 INFO  [SpringApplicationShutdownHook] com.alibaba.nacos.client.naming - com.alibaba.nacos.client.naming.core.ServiceInfoUpdateService do shutdown begin
2026-01-21 16:55:40.366 INFO  [SpringApplicationShutdownHook] com.alibaba.nacos.client.naming - com.alibaba.nacos.client.naming.core.ServiceInfoUpdateService do shutdown stop
2026-01-21 16:55:40.367 INFO  [SpringApplicationShutdownHook] com.alibaba.nacos.client.naming - com.alibaba.nacos.client.naming.core.ServerListManager do shutdown begin
2026-01-21 16:55:40.367 WARN  [SpringApplicationShutdownHook] com.alibaba.nacos.client.naming - [NamingHttpClientManager] Start destroying NacosRestTemplate
2026-01-21 16:55:40.367 WARN  [SpringApplicationShutdownHook] com.alibaba.nacos.client.naming - [NamingHttpClientManager] Destruction of the end
2026-01-21 16:55:40.367 INFO  [SpringApplicationShutdownHook] com.alibaba.nacos.client.naming - com.alibaba.nacos.client.naming.core.ServerListManager do shutdown stop
2026-01-21 16:55:40.367 INFO  [SpringApplicationShutdownHook] com.alibaba.nacos.client.naming - com.alibaba.nacos.client.naming.remote.http.NamingHttpClientProxy do shutdown begin
2026-01-21 16:55:40.367 WARN  [SpringApplicationShutdownHook] com.alibaba.nacos.client.naming - [NamingHttpClientManager] Start destroying NacosRestTemplate
2026-01-21 16:55:40.367 WARN  [SpringApplicationShutdownHook] com.alibaba.nacos.client.naming - [NamingHttpClientManager] Destruction of the end
2026-01-21 16:55:40.367 INFO  [SpringApplicationShutdownHook] com.alibaba.nacos.client.naming - com.alibaba.nacos.client.naming.remote.http.NamingHttpClientProxy do shutdown stop
2026-01-21 16:55:40.367 INFO  [SpringApplicationShutdownHook] com.alibaba.nacos.client.naming - Shutdown naming grpc client proxy for  uuid->e1da3dcf-d05a-4f78-80e8-0b7a423a359b
2026-01-21 16:55:40.367 INFO  [SpringApplicationShutdownHook] com.alibaba.nacos.client.naming - Shutdown grpc redo service executor java.util.concurrent.ScheduledThreadPoolExecutor@93fb44[Running, pool size = 1, active threads = 0, queued tasks = 1, completed tasks = 2337]
2026-01-21 16:55:40.367 INFO  [SpringApplicationShutdownHook] c.a.cloud.nacos.registry.NacosServiceRegistry - De-registration finished.
2026-01-21 16:55:40.368 INFO  [SpringApplicationShutdownHook] com.alibaba.nacos.common.remote.client - Shutdown rpc client, set status to shutdown
2026-01-21 16:55:40.368 INFO  [SpringApplicationShutdownHook] com.alibaba.nacos.common.remote.client - Shutdown client event executor java.util.concurrent.ScheduledThreadPoolExecutor@28e91f6d[Running, pool size = 2, active threads = 2, queued tasks = 0, completed tasks = 0]
2026-01-21 16:55:40.368 INFO  [SpringApplicationShutdownHook] com.alibaba.nacos.common.remote.client - Close current connection 1768978707776_172.19.0.1_48918
2026-01-21 16:55:40.368 INFO  [SpringApplicationShutdownHook] com.alibaba.nacos.client.naming - com.alibaba.nacos.client.naming.cache.ServiceInfoHolder do shutdown begin
2026-01-21 16:55:40.369 INFO  [SpringApplicationShutdownHook] com.alibaba.nacos.client.naming - com.alibaba.nacos.client.naming.backups.FailoverReactor do shutdown begin
2026-01-21 16:55:40.370 INFO  [SpringApplicationShutdownHook] com.alibaba.nacos.client.naming - com.alibaba.nacos.client.naming.backups.FailoverReactor do shutdown stop
2026-01-21 16:55:40.370 INFO  [SpringApplicationShutdownHook] com.alibaba.nacos.client.naming - com.alibaba.nacos.client.naming.cache.ServiceInfoHolder do shutdown stop
2026-01-21 16:55:40.370 INFO  [SpringApplicationShutdownHook] com.alibaba.nacos.client.naming - com.alibaba.nacos.client.naming.remote.NamingClientProxyDelegate do shutdown begin
2026-01-21 16:55:40.370 INFO  [SpringApplicationShutdownHook] com.alibaba.nacos.client.naming - com.alibaba.nacos.client.naming.core.ServiceInfoUpdateService do shutdown begin
2026-01-21 16:55:40.370 INFO  [SpringApplicationShutdownHook] com.alibaba.nacos.client.naming - com.alibaba.nacos.client.naming.core.ServiceInfoUpdateService do shutdown stop
2026-01-21 16:55:40.370 INFO  [SpringApplicationShutdownHook] com.alibaba.nacos.client.naming - com.alibaba.nacos.client.naming.core.ServerListManager do shutdown begin
2026-01-21 16:55:40.370 WARN  [SpringApplicationShutdownHook] com.alibaba.nacos.client.naming - [NamingHttpClientManager] Start destroying NacosRestTemplate
2026-01-21 16:55:40.370 WARN  [SpringApplicationShutdownHook] com.alibaba.nacos.client.naming - [NamingHttpClientManager] Destruction of the end
2026-01-21 16:55:40.370 INFO  [SpringApplicationShutdownHook] com.alibaba.nacos.client.naming - com.alibaba.nacos.client.naming.core.ServerListManager do shutdown stop
2026-01-21 16:55:40.371 INFO  [SpringApplicationShutdownHook] com.alibaba.nacos.client.naming - com.alibaba.nacos.client.naming.remote.http.NamingHttpClientProxy do shutdown begin
2026-01-21 16:55:40.371 WARN  [SpringApplicationShutdownHook] com.alibaba.nacos.client.naming - [NamingHttpClientManager] Start destroying NacosRestTemplate
2026-01-21 16:55:40.371 WARN  [SpringApplicationShutdownHook] com.alibaba.nacos.client.naming - [NamingHttpClientManager] Destruction of the end
2026-01-21 16:55:40.371 INFO  [SpringApplicationShutdownHook] com.alibaba.nacos.client.naming - com.alibaba.nacos.client.naming.remote.http.NamingHttpClientProxy do shutdown stop
2026-01-21 16:55:40.371 INFO  [SpringApplicationShutdownHook] com.alibaba.nacos.client.naming - Shutdown naming grpc client proxy for  uuid->abcd9c34-0077-47ee-a046-122804481945
2026-01-21 16:55:40.371 INFO  [SpringApplicationShutdownHook] com.alibaba.nacos.client.naming - Shutdown grpc redo service executor java.util.concurrent.ScheduledThreadPoolExecutor@2e1ad7de[Running, pool size = 1, active threads = 0, queued tasks = 1, completed tasks = 2336]
2026-01-21 16:55:40.371 INFO  [SpringApplicationShutdownHook] com.alibaba.nacos.common.remote.client - Shutdown rpc client, set status to shutdown
2026-01-21 16:55:40.371 INFO  [SpringApplicationShutdownHook] com.alibaba.nacos.common.remote.client - Shutdown client event executor java.util.concurrent.ScheduledThreadPoolExecutor@61becbcf[Running, pool size = 2, active threads = 2, queued tasks = 0, completed tasks = 0]
2026-01-21 16:55:40.372 INFO  [SpringApplicationShutdownHook] com.alibaba.nacos.common.remote.client - Close current connection 1768978709877_172.19.0.1_48944
2026-01-21 16:55:40.372 INFO  [nacos-grpc-client-executor-127.0.0.1-1362] c.a.nacos.common.remote.client.grpc.GrpcClient - [1768978707776_172.19.0.1_48918]Ignore complete event,isRunning:false,isAbandon=false
2026-01-21 16:55:40.374 INFO  [nacos-grpc-client-executor-127.0.0.1-1359] c.a.nacos.common.remote.client.grpc.GrpcClient - [1768978709877_172.19.0.1_48944]Ignore complete event,isRunning:false,isAbandon=false
2026-01-21 16:55:40.379 INFO  [SpringApplicationShutdownHook] c.a.nacos.common.remote.client.grpc.GrpcClient - Shutdown grpc executor java.util.concurrent.ThreadPoolExecutor@3a1a0bc[Running, pool size = 4, active threads = 0, queued tasks = 0, completed tasks = 1363]
2026-01-21 16:55:40.380 INFO  [SpringApplicationShutdownHook] com.alibaba.nacos.client.naming - shutdown and remove naming rpc client  for uuid ->e1da3dcf-d05a-4f78-80e8-0b7a423a359b
2026-01-21 16:55:40.380 INFO  [SpringApplicationShutdownHook] c.a.n.client.auth.ram.identify.CredentialWatcher - [null] CredentialWatcher is stopped
2026-01-21 16:55:40.381 INFO  [SpringApplicationShutdownHook] c.a.n.client.auth.ram.identify.CredentialService - [null] CredentialService is freed
2026-01-21 16:55:40.381 INFO  [SpringApplicationShutdownHook] com.alibaba.nacos.client.naming - com.alibaba.nacos.client.naming.remote.NamingClientProxyDelegate do shutdown stop
2026-01-21 16:55:40.382 INFO  [SpringApplicationShutdownHook] c.a.nacos.common.remote.client.grpc.GrpcClient - Shutdown grpc executor java.util.concurrent.ThreadPoolExecutor@6a07e6ca[Running, pool size = 4, active threads = 0, queued tasks = 0, completed tasks = 1360]
2026-01-21 16:55:40.383 INFO  [SpringApplicationShutdownHook] com.alibaba.nacos.client.naming - shutdown and remove naming rpc client  for uuid ->abcd9c34-0077-47ee-a046-122804481945
2026-01-21 16:55:40.383 INFO  [SpringApplicationShutdownHook] c.a.n.client.auth.ram.identify.CredentialWatcher - [null] CredentialWatcher is stopped
2026-01-21 16:55:40.383 INFO  [SpringApplicationShutdownHook] c.a.n.client.auth.ram.identify.CredentialService - [null] CredentialService is freed
2026-01-21 16:55:40.383 INFO  [SpringApplicationShutdownHook] com.alibaba.nacos.client.naming - com.alibaba.nacos.client.naming.remote.NamingClientProxyDelegate do shutdown stop
2026-01-21 16:55:42.733 INFO  [main] com.alibaba.nacos.client.utils.ParamUtil - [settings] [req-serv] nacos-server port:8848
2026-01-21 16:55:42.734 INFO  [main] com.alibaba.nacos.client.utils.ParamUtil - [settings] [http-client] connect timeout:1000
2026-01-21 16:55:42.735 INFO  [main] com.alibaba.nacos.client.utils.ParamUtil - PER_TASK_CONFIG_SIZE: 3000.0
2026-01-21 16:55:42.735 INFO  [Thread-2] c.a.n.client.auth.ram.identify.CredentialWatcher - null No credential found
2026-01-21 16:55:42.749 INFO  [main] com.alibaba.nacos.common.labels - DefaultLabelsCollectorManager get labels.....
2026-01-21 16:55:42.749 INFO  [main] com.alibaba.nacos.common.labels - Process LabelsCollector with [name:defaultNacosLabelsCollector]
2026-01-21 16:55:42.749 INFO  [main] com.alibaba.nacos.common.labels - default nacos collect properties raw labels: null
2026-01-21 16:55:42.750 INFO  [main] com.alibaba.nacos.common.labels - default nacos collect properties labels: {}
2026-01-21 16:55:42.750 INFO  [main] com.alibaba.nacos.common.labels - default nacos collect jvm raw labels: null
2026-01-21 16:55:42.750 INFO  [main] com.alibaba.nacos.common.labels - default nacos collect jvm labels: {}
2026-01-21 16:55:42.750 INFO  [main] com.alibaba.nacos.common.labels - default nacos collect env raw labels: null
2026-01-21 16:55:42.750 INFO  [main] com.alibaba.nacos.common.labels - default nacos collect env labels: {}
2026-01-21 16:55:42.750 INFO  [main] com.alibaba.nacos.common.labels - DefaultLabelsCollectorManager get labels finished,labels :{}
2026-01-21 16:55:42.756 INFO  [main] c.a.n.p.auth.spi.client.ClientAuthPluginManager - [ClientAuthPluginManager] Load ClientAuthService com.alibaba.nacos.client.auth.impl.NacosClientAuthServiceImpl success.
2026-01-21 16:55:42.756 INFO  [main] c.a.n.p.auth.spi.client.ClientAuthPluginManager - [ClientAuthPluginManager] Load ClientAuthService com.alibaba.nacos.client.auth.ram.RamClientAuthServiceImpl success.
2026-01-21 16:55:42.760 INFO  [main] c.a.n.client.config.impl.LocalConfigInfoProcessor - LOCAL_SNAPSHOT_PATH:C:\Users\ForeverEmpty\nacos\config
2026-01-21 16:55:42.762 INFO  [main] com.alibaba.nacos.common.remote.client - [RpcClientFactory] create a new rpc client of 9f66c7e5-f074-40c7-b587-248ff68e52c3_config-0
2026-01-21 16:55:42.779 INFO  [main] com.alibaba.nacos.common.remote.client - [9f66c7e5-f074-40c7-b587-248ff68e52c3_config-0] Register server push request handler:com.alibaba.nacos.client.config.impl.ClientWorker$ConfigRpcTransportClient$$Lambda/0x0000023e013aacf0
2026-01-21 16:55:42.779 INFO  [main] com.alibaba.nacos.common.remote.client - [9f66c7e5-f074-40c7-b587-248ff68e52c3_config-0] Register server push request handler:com.alibaba.nacos.client.config.impl.ClientWorker$ConfigRpcTransportClient$$Lambda/0x0000023e013ab100
2026-01-21 16:55:42.780 INFO  [main] com.alibaba.nacos.common.remote.client - [9f66c7e5-f074-40c7-b587-248ff68e52c3_config-0] Registry connection listener to current client:com.alibaba.nacos.client.config.impl.ClientWorker$ConfigRpcTransportClient$1
2026-01-21 16:55:42.781 INFO  [main] com.alibaba.nacos.common.remote.client - [9f66c7e5-f074-40c7-b587-248ff68e52c3_config-0] RpcClient init, ServerListFactory = com.alibaba.nacos.client.config.impl.ClientWorker$ConfigRpcTransportClient$2
2026-01-21 16:55:42.789 INFO  [main] com.alibaba.nacos.common.remote.client - [9f66c7e5-f074-40c7-b587-248ff68e52c3_config-0] Try to connect to server on start up, server: {serverIp = '127.0.0.1', server main port = 8848}
2026-01-21 16:55:42.827 INFO  [main] c.a.nacos.common.remote.client.grpc.GrpcClient - grpc client connection server:127.0.0.1 ip,serverPort:9848,grpcTslConfig:{"sslProvider":"","enableTls":false,"mutualAuthEnable":false,"trustAll":false}
2026-01-21 16:55:43.289 INFO  [main] c.a.n.common.ability.AbstractAbilityControlManager - Ready to get current node abilities...
2026-01-21 16:55:43.290 INFO  [main] c.a.n.common.ability.AbstractAbilityControlManager - Ready to initialize current node abilities, support modes: [SDK_CLIENT]
2026-01-21 16:55:43.291 INFO  [main] c.a.n.common.ability.AbstractAbilityControlManager - Initialize current abilities finish...
2026-01-21 16:55:43.292 INFO  [main] c.a.n.c.ability.discover.NacosAbilityManagerHolder - [AbilityControlManager] Successfully initialize AbilityControlManager
2026-01-21 16:55:43.402 INFO  [main] com.alibaba.nacos.common.remote.client - [9f66c7e5-f074-40c7-b587-248ff68e52c3_config-0] Success to connect to server [127.0.0.1:8848] on start up, connectionId = 1768985743903_172.19.0.1_53308
2026-01-21 16:55:43.402 INFO  [com.alibaba.nacos.client.remote.worker.0] com.alibaba.nacos.common.remote.client - [9f66c7e5-f074-40c7-b587-248ff68e52c3_config-0] Notify connected event to listeners.
2026-01-21 16:55:43.402 INFO  [com.alibaba.nacos.client.remote.worker.0] com.alibaba.nacos.client.config.impl.ClientWorker - [9f66c7e5-f074-40c7-b587-248ff68e52c3_config-0] Connected,notify listen context...
2026-01-21 16:55:43.402 INFO  [main] com.alibaba.nacos.common.remote.client - [9f66c7e5-f074-40c7-b587-248ff68e52c3_config-0] Register server push request handler:com.alibaba.nacos.common.remote.client.RpcClient$ConnectResetRequestHandler
2026-01-21 16:55:43.403 INFO  [main] com.alibaba.nacos.common.remote.client - [9f66c7e5-f074-40c7-b587-248ff68e52c3_config-0] Register server push request handler:com.alibaba.nacos.common.remote.client.RpcClient$$Lambda/0x0000023e014fd730
2026-01-21 16:55:43.435 INFO  [main] com.alibaba.nacos.client.config.impl.Limiter - limitTime:5.0
2026-01-21 16:55:43.453 WARN  [main] c.a.cloud.nacos.client.NacosPropertySourceBuilder - Ignore the empty nacos configuration and get it based on dataId[Coo-auth] & group[DEFAULT_GROUP]
2026-01-21 16:55:43.463 INFO  [main] com.alibaba.nacos.client.config.utils.JvmUtil - isMultiInstance:false
2026-01-21 16:55:43.467 INFO  [main] o.s.c.b.c.PropertySourceBootstrapConfiguration - Located property source: [BootstrapPropertySource {name='bootstrapProperties-Coo-auth.yaml,DEFAULT_GROUP'}, BootstrapPropertySource {name='bootstrapProperties-Coo-auth,DEFAULT_GROUP'}]
2026-01-21 16:55:43.471 INFO  [main] org.foreverempty.cooauth.CooAuthApplication - No active profile set, falling back to 1 default profile: "default"
2026-01-21 16:55:44.030 INFO  [main] o.springframework.cloud.context.scope.GenericScope - BeanFactory id=83629fd3-dd79-3440-bc1f-1c5e3c076c06
2026-01-21 16:55:44.267 INFO  [main] o.s.boot.web.embedded.tomcat.TomcatWebServer - Tomcat initialized with port 8081 (http)
2026-01-21 16:55:44.277 INFO  [main] org.apache.coyote.http11.Http11NioProtocol - Initializing ProtocolHandler ["http-nio-8081"]
2026-01-21 16:55:44.278 INFO  [main] org.apache.catalina.core.StandardService - Starting service [Tomcat]
2026-01-21 16:55:44.279 INFO  [main] org.apache.catalina.core.StandardEngine - Starting Servlet engine: [Apache Tomcat/10.1.50]
2026-01-21 16:55:44.322 INFO  [main] o.a.c.core.ContainerBase.[Tomcat].[localhost].[/] - Initializing Spring embedded WebApplicationContext
2026-01-21 16:55:44.322 INFO  [main] o.s.b.w.s.c.ServletWebServerApplicationContext - Root WebApplicationContext: initialization completed in 840 ms
2026-01-21 16:55:44.891 INFO  [main] org.apache.coyote.http11.Http11NioProtocol - Starting ProtocolHandler ["http-nio-8081"]
2026-01-21 16:55:44.896 INFO  [main] o.s.boot.web.embedded.tomcat.TomcatWebServer - Tomcat started on port 8081 (http) with context path '/'
2026-01-21 16:55:44.899 INFO  [main] com.alibaba.nacos.client.naming - initializer namespace from ans.namespace attribute : null
2026-01-21 16:55:44.899 INFO  [main] com.alibaba.nacos.client.naming - initializer namespace from ALIBABA_ALIWARE_NAMESPACE attribute :null
2026-01-21 16:55:44.899 INFO  [main] com.alibaba.nacos.client.naming - initializer namespace from namespace attribute :null
2026-01-21 16:55:44.904 INFO  [main] com.alibaba.nacos.client.naming - FailoverDataSource type is class com.alibaba.nacos.client.naming.backups.datasource.DiskFailoverDataSource
2026-01-21 16:55:44.907 INFO  [main] c.a.n.p.auth.spi.client.ClientAuthPluginManager - [ClientAuthPluginManager] Load ClientAuthService com.alibaba.nacos.client.auth.impl.NacosClientAuthServiceImpl success.
2026-01-21 16:55:44.907 INFO  [main] c.a.n.p.auth.spi.client.ClientAuthPluginManager - [ClientAuthPluginManager] Load ClientAuthService com.alibaba.nacos.client.auth.ram.RamClientAuthServiceImpl success.
2026-01-21 16:55:44.910 INFO  [main] com.alibaba.nacos.common.remote.client - [RpcClientFactory] create a new rpc client of 978e26c6-b75f-4e5a-a501-cba163f82cd7
2026-01-21 16:55:44.912 INFO  [main] com.alibaba.nacos.client.naming - Create naming rpc client for uuid->978e26c6-b75f-4e5a-a501-cba163f82cd7
2026-01-21 16:55:44.912 INFO  [main] com.alibaba.nacos.common.remote.client - [978e26c6-b75f-4e5a-a501-cba163f82cd7] RpcClient init, ServerListFactory = com.alibaba.nacos.client.naming.core.ServerListManager
2026-01-21 16:55:44.912 INFO  [main] com.alibaba.nacos.common.remote.client - [978e26c6-b75f-4e5a-a501-cba163f82cd7] Registry connection listener to current client:com.alibaba.nacos.client.naming.remote.gprc.redo.NamingGrpcRedoService
2026-01-21 16:55:44.912 INFO  [main] com.alibaba.nacos.common.remote.client - [978e26c6-b75f-4e5a-a501-cba163f82cd7] Register server push request handler:com.alibaba.nacos.client.naming.remote.gprc.NamingPushRequestHandler
2026-01-21 16:55:44.912 INFO  [main] com.alibaba.nacos.common.remote.client - [978e26c6-b75f-4e5a-a501-cba163f82cd7] Try to connect to server on start up, server: {serverIp = '127.0.0.1', server main port = 8848}
2026-01-21 16:55:44.913 INFO  [main] c.a.nacos.common.remote.client.grpc.GrpcClient - grpc client connection server:127.0.0.1 ip,serverPort:9848,grpcTslConfig:{"sslProvider":"","enableTls":false,"mutualAuthEnable":false,"trustAll":false}
2026-01-21 16:55:45.026 INFO  [main] com.alibaba.nacos.common.remote.client - [978e26c6-b75f-4e5a-a501-cba163f82cd7] Success to connect to server [127.0.0.1:8848] on start up, connectionId = 1768985745525_172.19.0.1_53314
2026-01-21 16:55:45.026 INFO  [main] com.alibaba.nacos.common.remote.client - [978e26c6-b75f-4e5a-a501-cba163f82cd7] Register server push request handler:com.alibaba.nacos.common.remote.client.RpcClient$ConnectResetRequestHandler
2026-01-21 16:55:45.026 INFO  [main] com.alibaba.nacos.common.remote.client - [978e26c6-b75f-4e5a-a501-cba163f82cd7] Register server push request handler:com.alibaba.nacos.common.remote.client.RpcClient$$Lambda/0x0000023e014fd730
2026-01-21 16:55:45.026 INFO  [com.alibaba.nacos.client.remote.worker.0] com.alibaba.nacos.common.remote.client - [978e26c6-b75f-4e5a-a501-cba163f82cd7] Notify connected event to listeners.
2026-01-21 16:55:45.027 INFO  [com.alibaba.nacos.client.remote.worker.0] com.alibaba.nacos.client.naming - Grpc connection connect
2026-01-21 16:55:45.028 INFO  [main] com.alibaba.nacos.client.naming - [REGISTER-SERVICE] public registering service Coo-auth with instance Instance{instanceId='null', ip='172.25.112.1', port=8081, weight=1.0, healthy=true, enabled=true, ephemeral=true, clusterName='', serviceName='null', metadata={IPv6=null, preserved.register.source=SPRING_CLOUD}}
2026-01-21 16:55:45.045 INFO  [main] c.a.cloud.nacos.registry.NacosServiceRegistry - nacos registry, DEFAULT_GROUP Coo-auth 172.25.112.1:8081 register finished
2026-01-21 16:55:45.064 INFO  [main] org.foreverempty.cooauth.CooAuthApplication - Started CooAuthApplication in 3.012 seconds (process running for 3.658)
2026-01-21 16:55:45.069 INFO  [main] com.alibaba.nacos.client.config.impl.CacheData - config listener notify warn timeout millis use default 60000 millis 
2026-01-21 16:55:45.069 INFO  [main] com.alibaba.nacos.client.config.impl.CacheData - nacos.cache.data.init.snapshot = true 
2026-01-21 16:55:45.071 INFO  [main] com.alibaba.nacos.client.config.impl.ClientWorker - [fixed-127.0.0.1_8848] [subscribe] Coo-auth.yaml+DEFAULT_GROUP
2026-01-21 16:55:45.080 INFO  [main] com.alibaba.nacos.client.config.impl.CacheData - [fixed-127.0.0.1_8848] [add-listener] ok, tenant=, dataId=Coo-auth.yaml, group=DEFAULT_GROUP, cnt=1
2026-01-21 16:55:45.080 INFO  [main] c.a.cloud.nacos.refresh.NacosContextRefresher - [Nacos Config] Listening config: dataId=Coo-auth.yaml, group=DEFAULT_GROUP
2026-01-21 16:55:45.080 INFO  [main] com.alibaba.nacos.client.config.impl.ClientWorker - [fixed-127.0.0.1_8848] [subscribe] Coo-auth+DEFAULT_GROUP
2026-01-21 16:55:45.081 INFO  [main] com.alibaba.nacos.client.config.impl.CacheData - [fixed-127.0.0.1_8848] [add-listener] ok, tenant=, dataId=Coo-auth, group=DEFAULT_GROUP, cnt=1
2026-01-21 16:55:45.081 INFO  [main] c.a.cloud.nacos.refresh.NacosContextRefresher - [Nacos Config] Listening config: dataId=Coo-auth, group=DEFAULT_GROUP
2026-01-21 16:55:45.252 INFO  [main] com.alibaba.nacos.client.utils.ParamUtil - [settings] [req-serv] nacos-server port:8848
2026-01-21 16:55:45.258 INFO  [main] com.alibaba.nacos.client.utils.ParamUtil - [settings] [http-client] connect timeout:1000
2026-01-21 16:55:45.259 INFO  [main] com.alibaba.nacos.client.utils.ParamUtil - PER_TASK_CONFIG_SIZE: 3000.0
2026-01-21 16:55:45.259 INFO  [Thread-2] c.a.n.client.auth.ram.identify.CredentialWatcher - null No credential found
2026-01-21 16:55:45.285 INFO  [main] com.alibaba.nacos.common.labels - DefaultLabelsCollectorManager get labels.....
2026-01-21 16:55:45.285 INFO  [main] com.alibaba.nacos.common.labels - Process LabelsCollector with [name:defaultNacosLabelsCollector]
2026-01-21 16:55:45.285 INFO  [main] com.alibaba.nacos.common.labels - default nacos collect properties raw labels: null
2026-01-21 16:55:45.286 INFO  [main] com.alibaba.nacos.common.labels - default nacos collect properties labels: {}
2026-01-21 16:55:45.286 INFO  [main] com.alibaba.nacos.common.labels - default nacos collect jvm raw labels: null
2026-01-21 16:55:45.286 INFO  [main] com.alibaba.nacos.common.labels - default nacos collect jvm labels: {}
2026-01-21 16:55:45.286 INFO  [main] com.alibaba.nacos.common.labels - default nacos collect env raw labels: null
2026-01-21 16:55:45.286 INFO  [main] com.alibaba.nacos.common.labels - default nacos collect env labels: {}
2026-01-21 16:55:45.287 INFO  [main] com.alibaba.nacos.common.labels - DefaultLabelsCollectorManager get labels finished,labels :{}
2026-01-21 16:55:45.294 INFO  [main] c.a.n.p.auth.spi.client.ClientAuthPluginManager - [ClientAuthPluginManager] Load ClientAuthService com.alibaba.nacos.client.auth.impl.NacosClientAuthServiceImpl success.
2026-01-21 16:55:45.294 INFO  [main] c.a.n.p.auth.spi.client.ClientAuthPluginManager - [ClientAuthPluginManager] Load ClientAuthService com.alibaba.nacos.client.auth.ram.RamClientAuthServiceImpl success.
2026-01-21 16:55:45.299 INFO  [main] c.a.n.client.config.impl.LocalConfigInfoProcessor - LOCAL_SNAPSHOT_PATH:C:\Users\ForeverEmpty\nacos\config
2026-01-21 16:55:45.303 INFO  [main] com.alibaba.nacos.common.remote.client - [RpcClientFactory] create a new rpc client of 07497cd8-8e95-42e6-b5bf-dded23db5f0b_config-0
2026-01-21 16:55:45.320 INFO  [main] com.alibaba.nacos.common.remote.client - [07497cd8-8e95-42e6-b5bf-dded23db5f0b_config-0] Register server push request handler:com.alibaba.nacos.client.config.impl.ClientWorker$ConfigRpcTransportClient$$Lambda/0x00000139013b3038
2026-01-21 16:55:45.320 INFO  [main] com.alibaba.nacos.common.remote.client - [07497cd8-8e95-42e6-b5bf-dded23db5f0b_config-0] Register server push request handler:com.alibaba.nacos.client.config.impl.ClientWorker$ConfigRpcTransportClient$$Lambda/0x00000139013b3448
2026-01-21 16:55:45.320 INFO  [main] com.alibaba.nacos.common.remote.client - [07497cd8-8e95-42e6-b5bf-dded23db5f0b_config-0] Registry connection listener to current client:com.alibaba.nacos.client.config.impl.ClientWorker$ConfigRpcTransportClient$1
2026-01-21 16:55:45.321 INFO  [main] com.alibaba.nacos.common.remote.client - [07497cd8-8e95-42e6-b5bf-dded23db5f0b_config-0] RpcClient init, ServerListFactory = com.alibaba.nacos.client.config.impl.ClientWorker$ConfigRpcTransportClient$2
2026-01-21 16:55:45.327 INFO  [main] com.alibaba.nacos.common.remote.client - [07497cd8-8e95-42e6-b5bf-dded23db5f0b_config-0] Try to connect to server on start up, server: {serverIp = '127.0.0.1', server main port = 8848}
2026-01-21 16:55:45.361 INFO  [main] c.a.nacos.common.remote.client.grpc.GrpcClient - grpc client connection server:127.0.0.1 ip,serverPort:9848,grpcTslConfig:{"sslProvider":"","enableTls":false,"mutualAuthEnable":false,"trustAll":false}
2026-01-21 16:55:45.827 INFO  [main] c.a.n.common.ability.AbstractAbilityControlManager - Ready to get current node abilities...
2026-01-21 16:55:45.828 INFO  [main] c.a.n.common.ability.AbstractAbilityControlManager - Ready to initialize current node abilities, support modes: [SDK_CLIENT]
2026-01-21 16:55:45.828 INFO  [main] c.a.n.common.ability.AbstractAbilityControlManager - Initialize current abilities finish...
2026-01-21 16:55:45.829 INFO  [main] c.a.n.c.ability.discover.NacosAbilityManagerHolder - [AbilityControlManager] Successfully initialize AbilityControlManager
2026-01-21 16:55:45.946 INFO  [main] com.alibaba.nacos.common.remote.client - [07497cd8-8e95-42e6-b5bf-dded23db5f0b_config-0] Success to connect to server [127.0.0.1:8848] on start up, connectionId = 1768985746318_172.19.0.1_53328
2026-01-21 16:55:45.946 INFO  [com.alibaba.nacos.client.remote.worker.0] com.alibaba.nacos.common.remote.client - [07497cd8-8e95-42e6-b5bf-dded23db5f0b_config-0] Notify connected event to listeners.
2026-01-21 16:55:45.946 INFO  [com.alibaba.nacos.client.remote.worker.0] com.alibaba.nacos.client.config.impl.ClientWorker - [07497cd8-8e95-42e6-b5bf-dded23db5f0b_config-0] Connected,notify listen context...
2026-01-21 16:55:45.946 INFO  [main] com.alibaba.nacos.common.remote.client - [07497cd8-8e95-42e6-b5bf-dded23db5f0b_config-0] Register server push request handler:com.alibaba.nacos.common.remote.client.RpcClient$ConnectResetRequestHandler
2026-01-21 16:55:45.947 INFO  [main] com.alibaba.nacos.common.remote.client - [07497cd8-8e95-42e6-b5bf-dded23db5f0b_config-0] Register server push request handler:com.alibaba.nacos.common.remote.client.RpcClient$$Lambda/0x00000139014fb678
2026-01-21 16:55:45.986 INFO  [main] com.alibaba.nacos.client.config.impl.Limiter - limitTime:5.0
2026-01-21 16:55:46.006 WARN  [main] c.a.cloud.nacos.client.NacosPropertySourceBuilder - Ignore the empty nacos configuration and get it based on dataId[Coo-file] & group[DEFAULT_GROUP]
2026-01-21 16:55:46.016 INFO  [main] com.alibaba.nacos.client.config.utils.JvmUtil - isMultiInstance:false
2026-01-21 16:55:46.021 INFO  [main] o.s.c.b.c.PropertySourceBootstrapConfiguration - Located property source: [BootstrapPropertySource {name='bootstrapProperties-Coo-file.yaml,DEFAULT_GROUP'}, BootstrapPropertySource {name='bootstrapProperties-Coo-file,DEFAULT_GROUP'}]
2026-01-21 16:55:46.027 INFO  [main] org.foreverempty.coofile.CooFileApplication - No active profile set, falling back to 1 default profile: "default"
2026-01-21 16:55:46.433 INFO  [main] o.springframework.cloud.context.scope.GenericScope - BeanFactory id=02526e6a-6e6e-3f45-bf05-85fb5eed1e98
2026-01-21 16:55:46.587 INFO  [main] o.s.boot.web.embedded.tomcat.TomcatWebServer - Tomcat initialized with port 8082 (http)
2026-01-21 16:55:46.599 INFO  [main] org.apache.coyote.http11.Http11NioProtocol - Initializing ProtocolHandler ["http-nio-8082"]
2026-01-21 16:55:46.600 INFO  [main] org.apache.catalina.core.StandardService - Starting service [Tomcat]
2026-01-21 16:55:46.600 INFO  [main] org.apache.catalina.core.StandardEngine - Starting Servlet engine: [Apache Tomcat/10.1.50]
2026-01-21 16:55:46.645 INFO  [main] o.a.c.core.ContainerBase.[Tomcat].[localhost].[/] - Initializing Spring embedded WebApplicationContext
2026-01-21 16:55:46.645 INFO  [main] o.s.b.w.s.c.ServletWebServerApplicationContext - Root WebApplicationContext: initialization completed in 609 ms
2026-01-21 16:55:47.101 INFO  [main] org.apache.coyote.http11.Http11NioProtocol - Starting ProtocolHandler ["http-nio-8082"]
2026-01-21 16:55:47.106 INFO  [main] o.s.boot.web.embedded.tomcat.TomcatWebServer - Tomcat started on port 8082 (http) with context path '/'
2026-01-21 16:55:47.110 INFO  [main] com.alibaba.nacos.client.naming - initializer namespace from ans.namespace attribute : null
2026-01-21 16:55:47.110 INFO  [main] com.alibaba.nacos.client.naming - initializer namespace from ALIBABA_ALIWARE_NAMESPACE attribute :null
2026-01-21 16:55:47.110 INFO  [main] com.alibaba.nacos.client.naming - initializer namespace from namespace attribute :null
2026-01-21 16:55:47.116 INFO  [main] com.alibaba.nacos.client.naming - FailoverDataSource type is class com.alibaba.nacos.client.naming.backups.datasource.DiskFailoverDataSource
2026-01-21 16:55:47.119 INFO  [main] c.a.n.p.auth.spi.client.ClientAuthPluginManager - [ClientAuthPluginManager] Load ClientAuthService com.alibaba.nacos.client.auth.impl.NacosClientAuthServiceImpl success.
2026-01-21 16:55:47.119 INFO  [main] c.a.n.p.auth.spi.client.ClientAuthPluginManager - [ClientAuthPluginManager] Load ClientAuthService com.alibaba.nacos.client.auth.ram.RamClientAuthServiceImpl success.
2026-01-21 16:55:47.121 INFO  [main] com.alibaba.nacos.common.remote.client - [RpcClientFactory] create a new rpc client of d3d71d6b-cab2-4614-b05c-e0f8fee05e20
2026-01-21 16:55:47.123 INFO  [main] com.alibaba.nacos.client.naming - Create naming rpc client for uuid->d3d71d6b-cab2-4614-b05c-e0f8fee05e20
2026-01-21 16:55:47.123 INFO  [main] com.alibaba.nacos.common.remote.client - [d3d71d6b-cab2-4614-b05c-e0f8fee05e20] RpcClient init, ServerListFactory = com.alibaba.nacos.client.naming.core.ServerListManager
2026-01-21 16:55:47.123 INFO  [main] com.alibaba.nacos.common.remote.client - [d3d71d6b-cab2-4614-b05c-e0f8fee05e20] Registry connection listener to current client:com.alibaba.nacos.client.naming.remote.gprc.redo.NamingGrpcRedoService
2026-01-21 16:55:47.123 INFO  [main] com.alibaba.nacos.common.remote.client - [d3d71d6b-cab2-4614-b05c-e0f8fee05e20] Register server push request handler:com.alibaba.nacos.client.naming.remote.gprc.NamingPushRequestHandler
2026-01-21 16:55:47.123 INFO  [main] com.alibaba.nacos.common.remote.client - [d3d71d6b-cab2-4614-b05c-e0f8fee05e20] Try to connect to server on start up, server: {serverIp = '127.0.0.1', server main port = 8848}
2026-01-21 16:55:47.123 INFO  [main] c.a.nacos.common.remote.client.grpc.GrpcClient - grpc client connection server:127.0.0.1 ip,serverPort:9848,grpcTslConfig:{"sslProvider":"","enableTls":false,"mutualAuthEnable":false,"trustAll":false}
2026-01-21 16:55:47.249 INFO  [main] com.alibaba.nacos.common.remote.client - [d3d71d6b-cab2-4614-b05c-e0f8fee05e20] Success to connect to server [127.0.0.1:8848] on start up, connectionId = 1768985747629_172.19.0.1_53344
2026-01-21 16:55:47.249 INFO  [main] com.alibaba.nacos.common.remote.client - [d3d71d6b-cab2-4614-b05c-e0f8fee05e20] Register server push request handler:com.alibaba.nacos.common.remote.client.RpcClient$ConnectResetRequestHandler
2026-01-21 16:55:47.249 INFO  [com.alibaba.nacos.client.remote.worker.0] com.alibaba.nacos.common.remote.client - [d3d71d6b-cab2-4614-b05c-e0f8fee05e20] Notify connected event to listeners.
2026-01-21 16:55:47.249 INFO  [main] com.alibaba.nacos.common.remote.client - [d3d71d6b-cab2-4614-b05c-e0f8fee05e20] Register server push request handler:com.alibaba.nacos.common.remote.client.RpcClient$$Lambda/0x00000139014fb678
2026-01-21 16:55:47.249 INFO  [com.alibaba.nacos.client.remote.worker.0] com.alibaba.nacos.client.naming - Grpc connection connect
2026-01-21 16:55:47.250 INFO  [main] com.alibaba.nacos.client.naming - [REGISTER-SERVICE] public registering service Coo-file with instance Instance{instanceId='null', ip='172.25.112.1', port=8082, weight=1.0, healthy=true, enabled=true, ephemeral=true, clusterName='', serviceName='null', metadata={IPv6=null, preserved.register.source=SPRING_CLOUD}}
2026-01-21 16:55:47.259 INFO  [main] c.a.cloud.nacos.registry.NacosServiceRegistry - nacos registry, DEFAULT_GROUP Coo-file 172.25.112.1:8082 register finished
2026-01-21 16:55:47.267 INFO  [main] org.foreverempty.coofile.CooFileApplication - Started CooFileApplication in 2.828 seconds (process running for 3.433)
2026-01-21 16:55:47.270 INFO  [main] com.alibaba.nacos.client.config.impl.CacheData - config listener notify warn timeout millis use default 60000 millis 
2026-01-21 16:55:47.270 INFO  [main] com.alibaba.nacos.client.config.impl.CacheData - nacos.cache.data.init.snapshot = true 
2026-01-21 16:55:47.270 INFO  [main] com.alibaba.nacos.client.config.impl.ClientWorker - [fixed-127.0.0.1_8848] [subscribe] Coo-file+DEFAULT_GROUP
2026-01-21 16:55:47.276 INFO  [main] com.alibaba.nacos.client.config.impl.CacheData - [fixed-127.0.0.1_8848] [add-listener] ok, tenant=, dataId=Coo-file, group=DEFAULT_GROUP, cnt=1
2026-01-21 16:55:47.276 INFO  [main] c.a.cloud.nacos.refresh.NacosContextRefresher - [Nacos Config] Listening config: dataId=Coo-file, group=DEFAULT_GROUP
2026-01-21 16:55:47.285 INFO  [main] com.alibaba.nacos.client.config.impl.ClientWorker - [fixed-127.0.0.1_8848] [subscribe] Coo-file.yaml+DEFAULT_GROUP
2026-01-21 16:55:47.285 INFO  [main] com.alibaba.nacos.client.config.impl.CacheData - [fixed-127.0.0.1_8848] [add-listener] ok, tenant=, dataId=Coo-file.yaml, group=DEFAULT_GROUP, cnt=1
2026-01-21 16:55:47.285 INFO  [main] c.a.cloud.nacos.refresh.NacosContextRefresher - [Nacos Config] Listening config: dataId=Coo-file.yaml, group=DEFAULT_GROUP
2026-01-21 16:56:17.339 INFO  [tomcat-handler-0] o.a.c.core.ContainerBase.[Tomcat].[localhost].[/] - Initializing Spring DispatcherServlet 'dispatcherServlet'
2026-01-21 16:56:17.339 INFO  [tomcat-handler-0] org.springframework.web.servlet.DispatcherServlet - Initializing Servlet 'dispatcherServlet'
2026-01-21 16:56:17.340 INFO  [tomcat-handler-0] org.springframework.web.servlet.DispatcherServlet - Completed initialization in 0 ms
2026-01-21 16:56:17.438 INFO  [tomcat-handler-0] com.zaxxer.hikari.HikariDataSource - HikariPool-1 - Starting...
2026-01-21 16:56:17.696 INFO  [tomcat-handler-0] com.zaxxer.hikari.pool.HikariPool - HikariPool-1 - Added connection com.mysql.cj.jdbc.ConnectionImpl@53af6559
2026-01-21 16:56:17.697 INFO  [tomcat-handler-0] com.zaxxer.hikari.HikariDataSource - HikariPool-1 - Start completed.
2026-01-21 18:04:15.917 WARN  [Thread-3] c.alibaba.nacos.common.http.HttpClientBeanHolder - [HttpClientBeanHolder] Start destroying common HttpClient
2026-01-21 18:04:15.917 WARN  [Thread-5] com.alibaba.nacos.common.notify.NotifyCenter - [NotifyCenter] Start destroying Publisher
2026-01-21 18:04:15.922 WARN  [Thread-5] com.alibaba.nacos.common.notify.NotifyCenter - [NotifyCenter] Destruction of the end
2026-01-21 18:04:15.923 WARN  [Thread-3] c.alibaba.nacos.common.http.HttpClientBeanHolder - [HttpClientBeanHolder] Destruction of the end
2026-01-21 18:04:15.940 INFO  [SpringApplicationShutdownHook] o.s.boot.web.embedded.tomcat.GracefulShutdown - Commencing graceful shutdown. Waiting for active requests to complete
2026-01-21 18:04:15.950 INFO  [tomcat-shutdown] o.s.boot.web.embedded.tomcat.GracefulShutdown - Graceful shutdown complete
2026-01-21 18:04:15.958 INFO  [SpringApplicationShutdownHook] c.a.cloud.nacos.registry.NacosServiceRegistry - De-registering from Nacos Server now...
2026-01-21 18:04:15.959 INFO  [SpringApplicationShutdownHook] com.alibaba.nacos.client.naming - [DEREGISTER-SERVICE] public deregistering service Coo-file with instance: Instance{instanceId='null', ip='172.25.112.1', port=8082, weight=1.0, healthy=true, enabled=true, ephemeral=true, clusterName='', serviceName='null', metadata={}}
2026-01-21 18:04:15.972 INFO  [SpringApplicationShutdownHook] c.a.cloud.nacos.registry.NacosServiceRegistry - De-registration finished.
2026-01-21 18:04:15.973 INFO  [SpringApplicationShutdownHook] com.alibaba.nacos.client.naming - com.alibaba.nacos.client.naming.cache.ServiceInfoHolder do shutdown begin
2026-01-21 18:04:15.973 INFO  [SpringApplicationShutdownHook] com.alibaba.nacos.client.naming - com.alibaba.nacos.client.naming.backups.FailoverReactor do shutdown begin
2026-01-21 18:04:15.973 INFO  [SpringApplicationShutdownHook] com.alibaba.nacos.client.naming - com.alibaba.nacos.client.naming.backups.FailoverReactor do shutdown stop
2026-01-21 18:04:15.973 INFO  [SpringApplicationShutdownHook] com.alibaba.nacos.client.naming - com.alibaba.nacos.client.naming.cache.ServiceInfoHolder do shutdown stop
2026-01-21 18:04:15.974 INFO  [SpringApplicationShutdownHook] com.alibaba.nacos.client.naming - com.alibaba.nacos.client.naming.remote.NamingClientProxyDelegate do shutdown begin
2026-01-21 18:04:15.974 INFO  [SpringApplicationShutdownHook] com.alibaba.nacos.client.naming - com.alibaba.nacos.client.naming.core.ServiceInfoUpdateService do shutdown begin
2026-01-21 18:04:15.974 INFO  [SpringApplicationShutdownHook] com.alibaba.nacos.client.naming - com.alibaba.nacos.client.naming.core.ServiceInfoUpdateService do shutdown stop
2026-01-21 18:04:15.974 INFO  [SpringApplicationShutdownHook] com.alibaba.nacos.client.naming - com.alibaba.nacos.client.naming.core.ServerListManager do shutdown begin
2026-01-21 18:04:15.974 WARN  [SpringApplicationShutdownHook] com.alibaba.nacos.client.naming - [NamingHttpClientManager] Start destroying NacosRestTemplate
2026-01-21 18:04:15.974 WARN  [SpringApplicationShutdownHook] com.alibaba.nacos.client.naming - [NamingHttpClientManager] Destruction of the end
2026-01-21 18:04:15.974 INFO  [SpringApplicationShutdownHook] com.alibaba.nacos.client.naming - com.alibaba.nacos.client.naming.core.ServerListManager do shutdown stop
2026-01-21 18:04:15.974 INFO  [SpringApplicationShutdownHook] com.alibaba.nacos.client.naming - com.alibaba.nacos.client.naming.remote.http.NamingHttpClientProxy do shutdown begin
2026-01-21 18:04:15.974 WARN  [SpringApplicationShutdownHook] com.alibaba.nacos.client.naming - [NamingHttpClientManager] Start destroying NacosRestTemplate
2026-01-21 18:04:15.974 WARN  [SpringApplicationShutdownHook] com.alibaba.nacos.client.naming - [NamingHttpClientManager] Destruction of the end
2026-01-21 18:04:15.974 INFO  [SpringApplicationShutdownHook] com.alibaba.nacos.client.naming - com.alibaba.nacos.client.naming.remote.http.NamingHttpClientProxy do shutdown stop
2026-01-21 18:04:15.974 INFO  [SpringApplicationShutdownHook] com.alibaba.nacos.client.naming - Shutdown naming grpc client proxy for  uuid->d3d71d6b-cab2-4614-b05c-e0f8fee05e20
2026-01-21 18:04:15.974 INFO  [SpringApplicationShutdownHook] com.alibaba.nacos.client.naming - Shutdown grpc redo service executor java.util.concurrent.ScheduledThreadPoolExecutor@14b48f39[Running, pool size = 1, active threads = 0, queued tasks = 1, completed tasks = 1365]
2026-01-21 18:04:15.974 INFO  [SpringApplicationShutdownHook] com.alibaba.nacos.common.remote.client - Shutdown rpc client, set status to shutdown
2026-01-21 18:04:15.975 INFO  [SpringApplicationShutdownHook] com.alibaba.nacos.common.remote.client - Shutdown client event executor java.util.concurrent.ScheduledThreadPoolExecutor@11e24688[Running, pool size = 2, active threads = 2, queued tasks = 0, completed tasks = 0]
2026-01-21 18:04:15.975 INFO  [SpringApplicationShutdownHook] com.alibaba.nacos.common.remote.client - Close current connection 1768985747629_172.19.0.1_53344
2026-01-21 18:04:15.978 INFO  [nacos-grpc-client-executor-127.0.0.1-798] c.a.nacos.common.remote.client.grpc.GrpcClient - [1768985747629_172.19.0.1_53344]Ignore complete event,isRunning:false,isAbandon=false
2026-01-21 18:04:15.983 INFO  [SpringApplicationShutdownHook] c.a.nacos.common.remote.client.grpc.GrpcClient - Shutdown grpc executor java.util.concurrent.ThreadPoolExecutor@3684d2c0[Running, pool size = 4, active threads = 0, queued tasks = 0, completed tasks = 799]
2026-01-21 18:04:15.983 INFO  [SpringApplicationShutdownHook] com.alibaba.nacos.client.naming - shutdown and remove naming rpc client  for uuid ->d3d71d6b-cab2-4614-b05c-e0f8fee05e20
2026-01-21 18:04:15.984 INFO  [SpringApplicationShutdownHook] c.a.n.client.auth.ram.identify.CredentialWatcher - [null] CredentialWatcher is stopped
2026-01-21 18:04:15.984 INFO  [SpringApplicationShutdownHook] c.a.n.client.auth.ram.identify.CredentialService - [null] CredentialService is freed
2026-01-21 18:04:15.984 INFO  [SpringApplicationShutdownHook] com.alibaba.nacos.client.naming - com.alibaba.nacos.client.naming.remote.NamingClientProxyDelegate do shutdown stop
2026-01-21 18:04:17.619 WARN  [Thread-3] c.alibaba.nacos.common.http.HttpClientBeanHolder - [HttpClientBeanHolder] Start destroying common HttpClient
2026-01-21 18:04:17.618 WARN  [Thread-5] com.alibaba.nacos.common.notify.NotifyCenter - [NotifyCenter] Start destroying Publisher
2026-01-21 18:04:17.621 WARN  [Thread-5] com.alibaba.nacos.common.notify.NotifyCenter - [NotifyCenter] Destruction of the end
2026-01-21 18:04:17.622 WARN  [Thread-3] c.alibaba.nacos.common.http.HttpClientBeanHolder - [HttpClientBeanHolder] Destruction of the end
2026-01-21 18:04:17.635 INFO  [SpringApplicationShutdownHook] o.s.boot.web.embedded.tomcat.GracefulShutdown - Commencing graceful shutdown. Waiting for active requests to complete
2026-01-21 18:04:17.643 INFO  [tomcat-shutdown] o.s.boot.web.embedded.tomcat.GracefulShutdown - Graceful shutdown complete
2026-01-21 18:04:17.649 INFO  [SpringApplicationShutdownHook] c.a.cloud.nacos.registry.NacosServiceRegistry - De-registering from Nacos Server now...
2026-01-21 18:04:17.650 INFO  [SpringApplicationShutdownHook] com.alibaba.nacos.client.naming - [DEREGISTER-SERVICE] public deregistering service Coo-auth with instance: Instance{instanceId='null', ip='172.25.112.1', port=8081, weight=1.0, healthy=true, enabled=true, ephemeral=true, clusterName='', serviceName='null', metadata={}}
2026-01-21 18:04:17.660 INFO  [SpringApplicationShutdownHook] c.a.cloud.nacos.registry.NacosServiceRegistry - De-registration finished.
2026-01-21 18:04:17.660 INFO  [SpringApplicationShutdownHook] com.alibaba.nacos.client.naming - com.alibaba.nacos.client.naming.cache.ServiceInfoHolder do shutdown begin
2026-01-21 18:04:17.661 INFO  [SpringApplicationShutdownHook] com.alibaba.nacos.client.naming - com.alibaba.nacos.client.naming.backups.FailoverReactor do shutdown begin
2026-01-21 18:04:17.661 INFO  [SpringApplicationShutdownHook] com.alibaba.nacos.client.naming - com.alibaba.nacos.client.naming.backups.FailoverReactor do shutdown stop
2026-01-21 18:04:17.661 INFO  [SpringApplicationShutdownHook] com.alibaba.nacos.client.naming - com.alibaba.nacos.client.naming.cache.ServiceInfoHolder do shutdown stop
2026-01-21 18:04:17.661 INFO  [SpringApplicationShutdownHook] com.alibaba.nacos.client.naming - com.alibaba.nacos.client.naming.remote.NamingClientProxyDelegate do shutdown begin
2026-01-21 18:04:17.661 INFO  [SpringApplicationShutdownHook] com.alibaba.nacos.client.naming - com.alibaba.nacos.client.naming.core.ServiceInfoUpdateService do shutdown begin
2026-01-21 18:04:17.661 INFO  [SpringApplicationShutdownHook] com.alibaba.nacos.client.naming - com.alibaba.nacos.client.naming.core.ServiceInfoUpdateService do shutdown stop
2026-01-21 18:04:17.661 INFO  [SpringApplicationShutdownHook] com.alibaba.nacos.client.naming - com.alibaba.nacos.client.naming.core.ServerListManager do shutdown begin
2026-01-21 18:04:17.661 WARN  [SpringApplicationShutdownHook] com.alibaba.nacos.client.naming - [NamingHttpClientManager] Start destroying NacosRestTemplate
2026-01-21 18:04:17.661 WARN  [SpringApplicationShutdownHook] com.alibaba.nacos.client.naming - [NamingHttpClientManager] Destruction of the end
2026-01-21 18:04:17.661 INFO  [SpringApplicationShutdownHook] com.alibaba.nacos.client.naming - com.alibaba.nacos.client.naming.core.ServerListManager do shutdown stop
2026-01-21 18:04:17.661 INFO  [SpringApplicationShutdownHook] com.alibaba.nacos.client.naming - com.alibaba.nacos.client.naming.remote.http.NamingHttpClientProxy do shutdown begin
2026-01-21 18:04:17.661 WARN  [SpringApplicationShutdownHook] com.alibaba.nacos.client.naming - [NamingHttpClientManager] Start destroying NacosRestTemplate
2026-01-21 18:04:17.661 WARN  [SpringApplicationShutdownHook] com.alibaba.nacos.client.naming - [NamingHttpClientManager] Destruction of the end
2026-01-21 18:04:17.661 INFO  [SpringApplicationShutdownHook] com.alibaba.nacos.client.naming - com.alibaba.nacos.client.naming.remote.http.NamingHttpClientProxy do shutdown stop
2026-01-21 18:04:17.661 INFO  [SpringApplicationShutdownHook] com.alibaba.nacos.client.naming - Shutdown naming grpc client proxy for  uuid->978e26c6-b75f-4e5a-a501-cba163f82cd7
2026-01-21 18:04:17.662 INFO  [SpringApplicationShutdownHook] com.alibaba.nacos.client.naming - Shutdown grpc redo service executor java.util.concurrent.ScheduledThreadPoolExecutor@391b01c5[Running, pool size = 1, active threads = 0, queued tasks = 1, completed tasks = 1366]
2026-01-21 18:04:17.662 INFO  [SpringApplicationShutdownHook] com.alibaba.nacos.common.remote.client - Shutdown rpc client, set status to shutdown
2026-01-21 18:04:17.662 INFO  [SpringApplicationShutdownHook] com.alibaba.nacos.common.remote.client - Shutdown client event executor java.util.concurrent.ScheduledThreadPoolExecutor@5151accb[Running, pool size = 2, active threads = 2, queued tasks = 0, completed tasks = 0]
2026-01-21 18:04:17.662 INFO  [SpringApplicationShutdownHook] com.alibaba.nacos.common.remote.client - Close current connection 1768985745525_172.19.0.1_53314
2026-01-21 18:04:17.664 INFO  [nacos-grpc-client-executor-127.0.0.1-807] c.a.nacos.common.remote.client.grpc.GrpcClient - [1768985745525_172.19.0.1_53314]Ignore complete event,isRunning:false,isAbandon=false
2026-01-21 18:04:17.669 INFO  [SpringApplicationShutdownHook] c.a.nacos.common.remote.client.grpc.GrpcClient - Shutdown grpc executor java.util.concurrent.ThreadPoolExecutor@418d1c03[Running, pool size = 4, active threads = 0, queued tasks = 0, completed tasks = 808]
2026-01-21 18:04:17.669 INFO  [SpringApplicationShutdownHook] com.alibaba.nacos.client.naming - shutdown and remove naming rpc client  for uuid ->978e26c6-b75f-4e5a-a501-cba163f82cd7
2026-01-21 18:04:17.669 INFO  [SpringApplicationShutdownHook] c.a.n.client.auth.ram.identify.CredentialWatcher - [null] CredentialWatcher is stopped
2026-01-21 18:04:17.669 INFO  [SpringApplicationShutdownHook] c.a.n.client.auth.ram.identify.CredentialService - [null] CredentialService is freed
2026-01-21 18:04:17.670 INFO  [SpringApplicationShutdownHook] com.alibaba.nacos.client.naming - com.alibaba.nacos.client.naming.remote.NamingClientProxyDelegate do shutdown stop
2026-01-21 18:04:17.670 INFO  [SpringApplicationShutdownHook] com.zaxxer.hikari.HikariDataSource - HikariPool-1 - Shutdown initiated...
2026-01-21 18:04:17.674 INFO  [SpringApplicationShutdownHook] com.zaxxer.hikari.HikariDataSource - HikariPool-1 - Shutdown completed.
